,emg,time
0,1512,13905
1,1516,13911
2,1515,13915
3,1512,13920
4,1514,13925
5,1515,13930
6,1511,13934
7,1508,13939
8,1504,13944
9,1502,13949
10,1504,13955
11,1507,13959
12,1508,13964
13,1511,13969
14,1510,13974
15,1507,13978
16,1507,13983
17,1509,13988
18,1510,13993
19,1510,13998
20,1502,14003
21,1502,14008
22,1501,14013
23,1497,14018
24,1494,14022
25,1496,14027
26,1498,14032
27,1500,14038
28,1499,14042
29,1501,14047
30,1504,14052
31,1505,14057
32,1505,14061
33,1504,14066
34,1503,14071
35,1503,14076
36,1502,14081
37,1502,14086
38,1504,14091
39,1507,14096
40,1508,14101
41,1508,14105
42,1506,14110
43,1505,14115
44,1508,14120
45,1507,14125
46,1507,14130
47,1507,14135
48,1507,14140
49,1505,14144
50,1505,14149
51,1506,14154
52,1508,14159
53,1506,14164
54,1504,14169
55,1503,14174
56,1501,14179
57,1499,14184
58,1498,14188
59,1498,14193
60,1500,14198
61,1500,14203
62,1501,14208
63,1505,14213
64,1505,14218
65,1506,14223
66,1509,14227
67,1512,14232
68,1515,14237
69,1517,14242
70,1521,14247
71,1525,14252
72,1527,14257
73,1526,14262
74,1521,14267
75,1514,14271
76,1508,14276
77,1502,14281
78,1496,14286
79,1499,14290
80,1501,14296
81,1504,14301
82,1511,14306
83,1513,14311
84,1515,14315
85,1516,14320
86,1514,14325
87,1510,14330
88,1511,14334
89,1513,14340
90,1512,14345
91,1508,14350
92,1508,14354
93,1507,14359
94,1506,14364
95,1504,14369
96,1500,14373
97,1498,14379
98,1501,14384
99,1503,14389
100,1504,14394
101,1502,14398
102,1499,14403
103,1497,14408
104,1496,14413
105,1494,14417
106,1495,14423
107,1495,14428
108,1496,14433
109,1497,14437
110,1498,14442
111,1498,14447
112,1498,14452
113,1498,14457
114,1497,14461
115,1494,14467
116,1494,14472
117,1495,14477
118,1494,14481
119,1492,14486
120,1489,14491
121,1490,14496
122,1487,14500
123,1486,14505
124,1488,14511
125,1491,14516
126,1492,14520
127,1492,14525
128,1495,14530
129,1497,14535
130,1498,14540
131,1498,14544
132,1497,14550
133,1499,14555
134,1498,14560
135,1493,14564
136,1492,14569
137,1492,14574
138,1492,14579
139,1492,14583
140,1493,14588
141,1498,14594
142,1501,14599
143,1502,14604
144,1504,14608
145,1506,14613
146,1507,14618
147,1505,14623
148,1497,14627
149,1491,14632
150,1490,14638
151,1493,14643
152,1497,14647
153,1501,14652
154,1499,14657
155,1496,14662
156,1492,14666
157,1493,14671
158,1495,14676
159,1495,14682
160,1494,14687
161,1496,14691
162,1497,14696
163,1501,14701
164,1502,14706
165,1506,14710
166,1508,14715
167,1505,14721
168,1502,14726
169,1504,14730
170,1509,14735
171,1506,14740
172,1502,14745
173,1503,14750
174,1505,14754
175,1508,14759
176,1509,14765
177,1509,14770
178,1509,14774
179,1505,14779
180,1505,14784
181,1508,14789
182,1508,14793
183,1504,14798
184,1500,14803
185,1502,14809
186,1504,14813
187,1505,14818
188,1503,14823
189,1484,14828
190,1468,14833
191,1457,14837
192,1455,14842
193,1468,14848
194,1484,14853
195,1497,14857
196,1503,14862
197,1509,14867
198,1515,14872
199,1520,14876
200,1520,14881
201,1519,14886
202,1521,14892
203,1525,14897
204,1526,14901
205,1519,14906
206,1513,14911
207,1511,14916
208,1510,14920
209,1505,14925
210,1503,14930
211,1504,14936
212,1503,14940
213,1502,14945
214,1501,14950
215,1500,14955
216,1500,14959
217,1502,14964
218,1502,14969
219,1501,14974
220,1501,14980
221,1501,14984
222,1492,14989
223,1414,14994
224,1411,14999
225,1414,15003
226,1421,15008
227,1427,15013
228,1430,15019
229,1431,15023
230,1436,15028
231,1444,15033
232,1452,15038
233,1461,15043
234,1470,15047
235,1478,15052
236,1481,15057
237,1480,15063
238,1476,15067
239,1473,15072
240,1471,15077
241,1471,15082
242,1469,15086
243,1471,15091
244,1476,15096
245,1482,15101
246,1485,15106
247,1492,15111
248,1499,15116
249,1500,15121
250,1501,15126
251,1501,15130
252,1501,15135
253,1507,15140
254,1510,15145
255,1515,15150
256,1520,15155
257,1521,15160
258,1520,15165
259,1521,15169
260,1520,15174
261,1517,15179
262,1515,15184
263,1518,15190
264,1522,15194
265,1528,15199
266,1527,15204
267,1527,15209
268,1528,15213
269,1529,15218
270,1529,15223
271,1525,15228
272,1521,15233
273,1523,15238
274,1525,15243
275,1524,15248
276,1520,15252
277,1516,15257
278,1514,15262
279,1512,15267
280,1509,15272
281,1510,15277
282,1513,15282
283,1516,15287
284,1516,15292
285,1515,15296
286,1513,15301
287,1510,15306
288,1511,15311
289,1512,15315
290,1510,15321
291,1508,15326
292,1511,15331
293,1513,15336
294,1514,15340
295,1513,15345
296,1516,15350
297,1515,15355
298,1509,15360
299,1501,15365
300,1502,15370
301,1508,15375
302,1512,15379
303,1514,15384
304,1517,15389
305,1522,15394
306,1527,15399
307,1528,15404
308,1525,15409
309,1525,15414
310,1526,15419
311,1525,15423
312,1524,15428
313,1522,15433
314,1518,15438
315,1514,15442
316,1512,15448
317,1513,15453
318,1515,15458
319,1513,15462
320,1510,15467
321,1513,15472
322,1518,15477
323,1524,15482
324,1523,15486
325,1524,15492
326,1525,15497
327,1526,15502
328,1526,15506
329,1528,15511
330,1528,15516
331,1525,15521
332,1522,15525
333,1523,15531
334,1525,15536
335,1528,15541
336,1521,15546
337,1514,15550
338,1513,15555
339,1516,15560
340,1514,15565
341,1510,15569
342,1506,15575
343,1506,15580
344,1512,15585
345,1515,15589
346,1515,15594
347,1517,15599
348,1517,15604
349,1517,15608
350,1517,15613
351,1516,15619
352,1516,15624
353,1512,15629
354,1511,15633
355,1504,15638
356,1499,15643
357,1496,15648
358,1493,15652
359,1489,15657
360,1487,15663
361,1490,15668
362,1493,15672
363,1496,15677
364,1500,15682
365,1503,15687
366,1508,15692
367,1515,15696
368,1517,15702
369,1517,15707
370,1516,15712
371,1514,15716
372,1509,15721
373,1508,15726
374,1502,15731
375,1494,15735
376,1486,15740
377,1482,15746
378,1485,15751
379,1489,15755
380,1490,15760
381,1489,15765
382,1497,15770
383,1509,15775
384,1518,15779
385,1523,15784
386,1527,15790
387,1530,15795
388,1530,15799
389,1528,15804
390,1522,15809
391,1521,15814
392,1514,15818
393,1510,15823
394,1509,15828
395,1509,15834
396,1509,15839
397,1513,15843
398,1506,15848
399,1494,15853
400,1488,15858
401,1485,15862
402,1487,15867
403,1492,15873
404,1501,15878
405,1505,15882
406,1508,15887
407,1507,15892
408,1509,15897
409,1512,15901
410,1505,15906
411,1494,15911
412,1478,15917
413,1459,15922
414,1448,15926
415,1450,15931
416,1464,15936
417,1478,15941
418,1493,15945
419,1505,15950
420,1516,15955
421,1522,15961
422,1520,15965
423,1520,15970
424,1520,15975
425,1516,15980
426,1510,15985
427,1505,15989
428,1503,15994
429,1503,16000
430,1503,16005
431,1499,16009
432,1492,16014
433,1480,16019
434,1467,16024
435,1454,16028
436,1444,16033
437,1444,16038
438,1451,16044
439,1463,16049
440,1477,16053
441,1491,16058
442,1502,16063
443,1512,16068
444,1516,16072
445,1516,16077
446,1515,16082
447,1511,16088
448,1504,16092
449,1501,16097
450,1499,16102
451,1472,16107
452,1444,16111
453,1436,16116
454,1434,16121
455,1445,16126
456,1460,16132
457,1481,16136
458,1498,16141
459,1512,16146
460,1524,16151
461,1525,16155
462,1524,16160
463,1520,16165
464,1509,16171
465,1497,16175
466,1492,16180
467,1491,16185
468,1495,16190
469,1497,16194
470,1499,16199
471,1501,16204
472,1503,16209
473,1501,16215
474,1482,16219
475,1449,16224
476,1434,16229
477,1435,16234
478,1455,16238
479,1454,16243
480,1439,16248
481,1441,16253
482,1454,16258
483,1472,16263
484,1486,16268
485,1500,16273
486,1510,16278
487,1513,16282
488,1513,16287
489,1514,16292
490,1457,16297
491,1444,16302
492,1437,16307
493,1434,16312
494,1434,16317
495,1433,16321
496,1428,16326
497,1426,16331
498,1426,16336
499,1427,16342
500,1427,16346
501,1432,16351
502,1434,16356
503,1424,16361
504,1412,16365
505,1398,16370
506,1381,16375
507,1381,16380
508,1400,16385
509,1424,16390
510,1454,16395
511,1473,16400
512,1488,16404
513,1497,16409
514,1503,16414
515,1507,16419
516,1505,16424
517,1505,16429
518,1505,16434
519,1507,16439
520,1503,16444
521,1497,16448
522,1496,16453
523,1501,16458
524,1506,16463
525,1511,16467
526,1517,16473
527,1521,16478
528,1524,16483
529,1525,16487
530,1527,16492
531,1530,16497
532,1532,16502
533,1529,16507
534,1522,16512
535,1514,16517
536,1509,16522
537,1506,16527
538,1494,16531
539,1487,16536
540,1490,16541
541,1498,16546
542,1510,16550
543,1525,16556
544,1531,16561
545,1533,16566
546,1536,16571
547,1539,16575
548,1540,16580
549,1540,16585
550,1539,16590
551,1534,16594
552,1519,16600
553,1498,16605
554,1477,16610
555,1478,16614
556,1493,16619
557,1511,16624
558,1526,16629
559,1544,16634
560,1557,16638
561,1563,16644
562,1563,16649
563,1557,16654
564,1553,16658
565,1549,16663
566,1547,16668
567,1546,16673
568,1542,16677
569,1524,16683
570,1493,16688
571,1478,16693
572,1476,16697
573,1488,16702
574,1501,16707
575,1514,16712
576,1523,16717
577,1528,16721
578,1528,16727
579,1526,16732
580,1523,16737
581,1518,16741
582,1514,16746
583,1509,16751
584,1502,16756
585,1495,16760
586,1486,16765
587,1476,16771
588,1470,16776
589,1464,16780
590,1456,16785
591,1438,16790
592,1415,16795
593,1381,16800
594,1364,16804
595,1368,16809
596,1396,16815
597,1424,16820
598,1449,16824
599,1465,16829
600,1479,16834
601,1486,16839
602,1487,16843
603,1487,16848
604,1491,16854
605,1494,16859
606,1494,16864
607,1495,16868
608,1498,16873
609,1499,16878
610,1499,16883
611,1501,16887
612,1506,16892
613,1513,16898
614,1521,16903
615,1524,16907
616,1528,16912
617,1530,16917
618,1529,16922
619,1527,16926
620,1525,16931
621,1525,16936
622,1526,16942
623,1525,16947
624,1527,16951
625,1529,16956
626,1530,16961
627,1528,16966
628,1528,16970
629,1529,16975
630,1526,16980
631,1522,16986
632,1522,16990
633,1524,16995
634,1524,17000
635,1508,17005
636,1485,17010
637,1457,17014
638,1446,17019
639,1444,17025
640,1449,17030
641,1448,17034
642,1438,17039
643,1439,17044
644,1453,17049
645,1469,17053
646,1489,17058
647,1505,17063
648,1502,17069
649,1489,17073
650,1483,17078
651,1487,17083
652,1498,17088
653,1506,17093
654,1511,17097
655,1511,17102
656,1512,17107
657,1517,17113
658,1524,17117
659,1527,17122
660,1525,17127
661,1521,17132
662,1505,17136
663,1482,17141
664,1469,17146
665,1467,17152
666,1466,17157
667,1451,17161
668,1424,17166
669,1406,17171
670,1404,17176
671,1420,17180
672,1427,17185
673,1420,17190
674,1407,17196
675,1416,17200
676,1436,17205
677,1452,17210
678,1455,17215
679,1461,17219
680,1475,17224
681,1483,17229
682,1476,17234
683,1461,17240
684,1426,17244
685,1377,17249
686,1341,17254
687,1348,17259
688,1393,17263
689,1442,17268
690,1488,17273
691,1519,17278
692,1534,17283
693,1544,17288
694,1554,17293
695,1550,17298
696,1527,17303
697,1501,17307
698,1490,17312
699,1491,17317
700,1511,17323
701,1527,17327
702,1543,17332
703,1554,17337
704,1565,17342
705,1574,17346
706,1580,17351
707,1583,17356
708,1582,17361
709,1573,17367
710,1563,17371
711,1543,17376
712,1532,17381
713,1534,17386
714,1519,17390
715,1488,17395
716,1455,17400
717,1452,17405
718,1486,17410
719,1519,17415
720,1546,17420
721,1564,17425
722,1566,17429
723,1560,17434
724,1551,17439
725,1542,17444
726,1538,17449
727,1532,17454
728,1531,17459
729,1530,17464
730,1530,17469
731,1527,17473
732,1517,17478
733,1503,17483
734,1488,17488
735,1477,17492
736,1481,17498
737,1497,17503
738,1504,17508
739,1487,17513
740,1488,17517
741,1498,17522
742,1509,17527
743,1513,17532
744,1520,17537
745,1525,17542
746,1506,17547
747,1479,17552
748,1473,17556
749,1481,17561
750,1481,17566
751,1486,17571
752,1488,17575
753,1493,17581
754,1497,17586
755,1493,17591
756,1492,17596
757,1498,17600
758,1503,17605
759,1492,17610
760,1483,17615
761,1456,17619
762,1406,17625
763,1402,17630
764,1432,17635
765,1476,17639
766,1504,17644
767,1519,17649
768,1527,17654
769,1532,17659
770,1536,17664
771,1540,17669
772,1542,17674
773,1519,17679
774,1481,17683
775,1460,17688
776,1462,17693
777,1474,17698
778,1490,17702
779,1500,17708
780,1502,17713
781,1503,17718
782,1501,17722
783,1474,17727
784,1438,17732
785,1437,17737
786,1463,17742
787,1484,17746
788,1489,17752
789,1484,17757
790,1482,17762
791,1481,17766
792,1479,17771
793,1481,17776
794,1496,17781
795,1510,17785
796,1498,17790
797,1467,17796
798,1454,17801
799,1432,17805
800,1436,17810
801,1455,17815
802,1459,17820
803,1441,17825
804,1437,17829
805,1463,17835
806,1502,17840
807,1528,17845
808,1537,17849
809,1545,17854
810,1531,17859
811,1497,17864
812,1486,17868
813,1489,17873
814,1469,17879
815,1405,17884
816,1361,17889
817,1385,17893
818,1448,17898
819,1492,17903
820,1513,17908
821,1523,17912
822,1530,17917
823,1528,17923
824,1517,17928
825,1511,17932
826,1513,17937
827,1484,17942
828,1439,17947
829,1414,17952
830,1409,17956
831,1396,17961
832,1374,17967
833,1369,17972
834,1392,17976
835,1420,17981
836,1458,17986
837,1500,17991
838,1536,17995
839,1559,18000
840,1568,18006
841,1566,18011
842,1529,18015
843,1474,18020
844,1464,18025
845,1484,18030
846,1504,18035
847,1500,18039
848,1483,18044
849,1479,18050
850,1484,18055
851,1495,18059
852,1459,18064
853,1428,18069
854,1419,18074
855,1443,18078
856,1469,18083
857,1496,18088
858,1515,18094
859,1537,18099
860,1546,18103
861,1531,18108
862,1511,18113
863,1487,18118
864,1482,18122
865,1493,18127
866,1497,18132
867,1484,18138
868,1483,18142
869,1500,18147
870,1522,18152
871,1543,18157
872,1548,18161
873,1516,18166
874,1467,18171
875,1441,18177
876,1452,18182
877,1460,18186
878,1468,18191
879,1463,18196
880,1455,18201
881,1466,18205
882,1484,18210
883,1517,18215
884,1538,18221
885,1529,18225
886,1504,18230
887,1492,18235
888,1505,18240
889,1515,18245
890,1449,18249
891,1394,18254
892,1394,18259
893,1428,18265
894,1434,18269
895,1427,18274
896,1451,18279
897,1489,18284
898,1525,18288
899,1559,18293
900,1566,18298
901,1562,18304
902,1563,18308
903,1563,18313
904,1552,18318
905,1516,18323
906,1475,18328
907,1453,18332
908,1453,18337
909,1448,18342
910,1382,18348
911,1315,18352
912,1328,18357
913,1404,18362
914,1471,18367
915,1529,18371
916,1565,18376
917,1588,18381
918,1594,18386
919,1593,18392
920,1585,18396
921,1570,18401
922,1527,18406
923,1514,18411
924,1508,18415
925,1482,18420
926,1437,18425
927,1268,18430
928,1176,18435
929,1200,18440
930,1292,18445
931,1381,18450
932,1408,18454
933,1432,18459
934,1493,18464
935,1559,18469
936,1612,18475
937,1635,18479
938,1577,18484
939,1423,18489
940,1355,18494
941,1367,18498
942,1401,18503
943,1313,18508
944,1215,18513
945,1251,18518
946,1374,18523
947,1508,18528
948,1591,18533
949,1633,18538
950,1646,18542
951,1667,18547
952,1661,18552
953,1640,18557
954,1614,18562
955,1457,18567
956,1360,18572
957,1353,18577
958,1393,18581
959,1397,18586
960,1326,18591
961,1308,18596
962,1361,18600
963,1467,18606
964,1566,18611
965,1601,18616
966,1592,18621
967,1583,18625
968,1606,18630
969,1602,18635
970,1515,18640
971,1293,18644
972,1258,18650
973,1341,18655
974,1461,18660
975,1485,18664
976,1381,18669
977,1349,18674
978,1421,18679
979,1540,18684
980,1630,18689
981,1672,18694
982,1694,18699
983,1689,18704
984,1656,18708
985,1584,18713
986,1419,18718
987,1346,18723
988,1354,18727
989,1355,18733
990,1252,18738
991,1247,18743
992,1344,18747
993,1483,18752
994,1597,18757
995,1638,18762
996,1663,18767
997,1669,18771
998,1667,18777
999,1643,18782
1000,1502,18787
1001,1397,18791
1002,1390,18796
1003,1381,18801
1004,1313,18806
1005,1234,18810
1006,1285,18816
1007,1405,18821
1008,1545,18826
1009,1593,18831
1010,1538,18835
1011,1527,18840
1012,1564,18845
1013,1594,18850
1014,1486,18854
1015,1431,18860
1016,1430,18865
1017,1471,18870
1018,1470,18874
1019,1420,18879
1020,1418,18884
1021,1451,18889
1022,1517,18893
1023,1578,18898
1024,1560,18904
1025,1540,18909
1026,1542,18914
1027,1575,18918
1028,1523,18923
1029,1364,18928
1030,1324,18933
1031,1399,18937
1032,1503,18942
1033,1436,18948
1034,1362,18953
1035,1422,18957
1036,1543,18962
1037,1639,18967
1038,1681,18972
1039,1614,18977
1040,1421,18981
1041,1416,18987
1042,1509,18992
1043,1603,18997
1044,1646,19001
1045,1601,19006
1046,1579,19011
1047,1594,19016
1048,1604,19020
1049,1423,19025
1050,1314,19031
1051,1255,19036
1052,1337,19040
1053,1452,19045
1054,1482,19050
1055,1501,19055
1056,1571,19060
1057,1569,19064
1058,1577,19069
1059,1611,19075
1060,1651,19080
1061,1557,19084
1062,1473,19089
1063,1474,19094
1064,1466,19099
1065,1428,19103
1066,1377,19108
1067,1418,19113
1068,1537,19119
1069,1605,19124
1070,1615,19128
1071,1642,19133
1072,1678,19138
1073,1644,19143
1074,1527,19147
1075,1486,19152
1076,1439,19158
1077,1423,19163
1078,1448,19167
1079,1479,19172
1080,1486,19177
1081,1502,19182
1082,1493,19186
1083,1540,19191
1084,1580,19196
1085,1590,19202
1086,1597,19207
1087,1527,19211
1088,1413,19216
1089,1408,19221
1090,1418,19226
1091,1441,19230
1092,1380,19235
1093,1366,19240
1094,1443,19246
1095,1577,19250
1096,1635,19255
1097,1624,19260
1098,1590,19265
1099,1561,19270
1100,1605,19274
1101,1577,19279
1102,1411,19284
1103,1405,19290
1104,1510,19294
1105,1596,19299
1106,1557,19304
1107,1501,19309
1108,1506,19313
1109,1516,19318
1110,1556,19323
1111,1584,19329
1112,1618,19333
1113,1648,19338
1114,1595,19343
1115,1482,19348
1116,1458,19353
1117,1469,19357
1118,1389,19362
1119,1397,19367
1120,1462,19373
1121,1576,19377
1122,1619,19382
1123,1649,19387
1124,1677,19392
1125,1674,19396
1126,1556,19401
1127,1482,19406
1128,1476,19411
1129,1471,19417
1130,1390,19421
1131,1416,19426
1132,1500,19431
1133,1572,19436
1134,1630,19440
1135,1658,19445
1136,1654,19450
1137,1500,19456
1138,1384,19460
1139,1425,19465
1140,1532,19470
1141,1604,19475
1142,1599,19480
1143,1576,19484
1144,1524,19489
1145,1460,19494
1146,1413,19500
1147,1450,19504
1148,1531,19509
1149,1460,19514
1150,1365,19519
1151,1423,19523
1152,1541,19528
1153,1647,19533
1154,1617,19538
1155,1546,19543
1156,1541,19548
1157,1585,19553
1158,1588,19558
1159,1455,19563
1160,1366,19567
1161,1416,19572
1162,1532,19577
1163,1600,19582
1164,1586,19587
1165,1525,19592
1166,1509,19597
1167,1547,19602
1168,1607,19606
1169,1525,19611
1170,1376,19616
1171,1334,19621
1172,1449,19627
1173,1564,19631
1174,1639,19636
1175,1663,19641
1176,1637,19646
1177,1510,19650
1178,1406,19655
1179,1241,19660
1180,1242,19665
1181,1380,19670
1182,1514,19675
1183,1513,19680
1184,1480,19685
1185,1532,19689
1186,1626,19694
1187,1666,19699
1188,1628,19704
1189,1603,19709
1190,1571,19714
1191,1518,19719
1192,1471,19724
1193,1464,19729
1194,1436,19733
1195,1413,19738
1196,1412,19743
1197,1494,19748
1198,1563,19752
1199,1593,19758
1200,1562,19763
1201,1540,19768
1202,1498,19773
1203,1459,19777
1204,1493,19782
1205,1486,19787
1206,1395,19792
1207,1349,19796
1208,1371,19802
1209,1443,19807
1210,1465,19812
1211,1494,19816
1212,1550,19821
1213,1606,19826
1214,1629,19831
1215,1637,19835
1216,1625,19841
1217,1566,19846
1218,1483,19851
1219,1423,19856
1220,1403,19860
1221,1403,19865
1222,1323,19870
1223,1309,19875
1224,1393,19879
1225,1538,19885
1226,1626,19890
1227,1680,19895
1228,1701,19899
1229,1642,19904
1230,1504,19909
1231,1490,19914
1232,1463,19918
1233,1455,19923
1234,1430,19929
1235,1405,19934
1236,1357,19939
1237,1425,19943
1238,1490,19948
1239,1534,19953
1240,1570,19958
1241,1624,19962
1242,1630,19968
1243,1597,19973
1244,1526,19978
1245,1466,19982
1246,1460,19987
1247,1412,19992
1248,1419,19997
1249,1428,20002
1250,1455,20006
1251,1507,20012
1252,1568,20017
1253,1628,20022
1254,1653,20026
1255,1625,20031
1256,1554,20036
1257,1431,20041
1258,1450,20045
1259,1488,20050
1260,1383,20056
1261,1312,20061
1262,1382,20065
1263,1486,20070
1264,1481,20075
1265,1459,20080
1266,1508,20085
1267,1564,20089
1268,1550,20094
1269,1580,20100
1270,1602,20105
1271,1475,20109
1272,1395,20114
1273,1458,20119
1274,1451,20124
1275,1473,20128
1276,1531,20133
1277,1598,20139
1278,1533,20144
1279,1477,20149
1280,1485,20153
1281,1437,20158
1282,1433,20163
1283,1500,20168
1284,1570,20172
1285,1513,20177
1286,1416,20183
1287,1401,20188
1288,1483,20192
1289,1572,20197
1290,1568,20202
1291,1431,20207
1292,1409,20212
1293,1413,20216
1294,1449,20221
1295,1526,20227
1296,1523,20232
1297,1431,20236
1298,1457,20241
1299,1556,20246
1300,1628,20251
1301,1643,20255
1302,1556,20260
1303,1430,20265
1304,1375,20271
1305,1426,20275
1306,1358,20280
1307,1293,20285
1308,1386,20290
1309,1496,20295
1310,1508,20299
1311,1499,20304
1312,1537,20310
1313,1526,20315
1314,1510,20319
1315,1465,20324
1316,1488,20329
1317,1575,20334
1318,1648,20338
1319,1687,20343
1320,1679,20348
1321,1639,20354
1322,1552,20359
1323,1422,20363
1324,1347,20368
1325,1388,20373
1326,1416,20378
1327,1390,20382
1328,1367,20387
1329,1476,20392
1330,1558,20398
1331,1613,20402
1332,1641,20407
1333,1640,20412
1334,1504,20417
1335,1344,20421
1336,1271,20426
1337,1332,20431
1338,1454,20436
1339,1528,20442
1340,1598,20446
1341,1619,20451
1342,1547,20456
1343,1465,20461
1344,1487,20465
1345,1501,20470
1346,1522,20475
1347,1523,20481
1348,1454,20485
1349,1364,20490
1350,1365,20495
1351,1407,20500
1352,1431,20505
1353,1514,20509
1354,1590,20514
1355,1621,20519
1356,1623,20525
1357,1644,20529
1358,1660,20534
1359,1670,20539
1360,1548,20544
1361,1326,20548
1362,1306,20553
1363,1339,20558
1364,1314,20563
1365,1299,20568
1366,1390,20573
1367,1453,20578
1368,1559,20583
1369,1644,20588
1370,1698,20592
1371,1729,20597
1372,1731,20602
1373,1697,20608
1374,1635,20612
1375,1561,20617
1376,1376,20622
1377,1291,20627
1378,1166,20631
1379,1157,20636
1380,1316,20641
1381,1475,20646
1382,1620,20652
1383,1688,20656
1384,1723,20661
1385,1723,20666
1386,1711,20671
1387,1678,20675
1388,1625,20680
1389,1403,20685
1390,1258,20690
1391,1218,20695
1392,1292,20700
1393,1394,20705
1394,1470,20710
1395,1544,20715
1396,1587,20719
1397,1612,20724
1398,1638,20729
1399,1615,20734
1400,1500,20739
1401,1444,20744
1402,1448,20749
1403,1480,20754
1404,1470,20758
1405,1369,20763
1406,1322,20768
1407,1372,20773
1408,1491,20777
1409,1586,20783
1410,1581,20788
1411,1512,20793
1412,1500,20798
1413,1494,20802
1414,1522,20807
1415,1522,20812
1416,1391,20817
1417,1332,20822
1418,1373,20827
1419,1499,20832
1420,1599,20837
1421,1565,20841
1422,1425,20846
1423,1403,20851
1424,1500,20856
1425,1595,20861
1426,1646,20866
1427,1618,20871
1428,1505,20876
1429,1378,20881
1430,1384,20885
1431,1449,20890
1432,1484,20895
1433,1421,20900
1434,1384,20904
1435,1412,20910
1436,1468,20915
1437,1538,20920
1438,1564,20924
1439,1530,20929
1440,1461,20934
1441,1451,20939
1442,1510,20944
1443,1559,20948
1444,1531,20954
1445,1445,20959
1446,1395,20964
1447,1450,20968
1448,1540,20973
1449,1540,20978
1450,1461,20983
1451,1375,20987
1452,1406,20993
1453,1515,20998
1454,1611,21003
1455,1625,21008
1456,1627,21012
1457,1531,21017
1458,1333,21022
1459,1352,21027
1460,1446,21031
1461,1507,21037
1462,1400,21042
1463,1394,21047
1464,1418,21051
1465,1445,21056
1466,1512,21061
1467,1572,21066
1468,1650,21070
1469,1636,21075
1470,1549,21081
1471,1515,21086
1472,1538,21091
1473,1410,21095
1474,1327,21100
1475,1389,21105
1476,1499,21110
1477,1591,21114
1478,1564,21120
1479,1537,21125
1480,1468,21130
1481,1433,21134
1482,1438,21139
1483,1455,21144
1484,1393,21149
1485,1410,21154
1486,1482,21158
1487,1582,21164
1488,1656,21169
1489,1588,21174
1490,1414,21178
1491,1395,21183
1492,1471,21188
1493,1446,21193
1494,1288,21197
1495,1313,21202
1496,1447,21208
1497,1558,21213
1498,1627,21217
1499,1676,21222
1500,1570,21227
1501,1420,21232
1502,1450,21237
1503,1520,21241
1504,1564,21246
1505,1362,21252
1506,1338,21257
1507,1455,21261
1508,1405,21266
1509,1308,21271
1510,1392,21276
1511,1512,21280
1512,1502,21285
1513,1487,21291
1514,1556,21296
1515,1617,21300
1516,1564,21305
1517,1562,21310
1518,1574,21315
1519,1388,21320
1520,1352,21324
1521,1461,21329
1522,1545,21335
1523,1557,21340
1524,1569,21344
1525,1572,21349
1526,1540,21354
1527,1565,21359
1528,1565,21363
1529,1509,21368
1530,1459,21373
1531,1437,21379
1532,1441,21384
1533,1421,21388
1534,1312,21393
1535,1307,21398
1536,1419,21403
1537,1492,21407
1538,1559,21412
1539,1628,21417
1540,1661,21423
1541,1593,21427
1542,1573,21432
1543,1605,21437
1544,1505,21442
1545,1395,21447
1546,1339,21451
1547,1356,21456
1548,1322,21462
1549,1256,21467
1550,1317,21471
1551,1478,21476
1552,1583,21481
1553,1643,21486
1554,1630,21490
1555,1517,21495
1556,1484,21500
1557,1557,21506
1558,1624,21510
1559,1587,21515
1560,1535,21520
1561,1478,21525
1562,1467,21530
1563,1466,21534
1564,1418,21539
1565,1347,21544
1566,1365,21550
1567,1374,21554
1568,1410,21559
1569,1474,21564
1570,1511,21569
1571,1553,21573
1572,1554,21578
1573,1589,21583
1574,1604,21588
1575,1573,21594
1576,1500,21598
1577,1523,21603
1578,1535,21608
1579,1412,21613
1580,1359,21617
1581,1417,21622
1582,1518,21627
1583,1591,21633
1584,1579,21637
1585,1568,21642
1586,1638,21647
1587,1661,21652
1588,1554,21656
1589,1526,21661
1590,1527,21666
1591,1479,21671
1592,1477,21677
1593,1422,21681
1594,1441,21686
1595,1490,21691
1596,1445,21696
1597,1465,21700
1598,1481,21705
1599,1466,21710
1600,1513,21715
1601,1568,21720
1602,1525,21725
1603,1482,21730
1604,1518,21735
1605,1548,21740
1606,1509,21744
1607,1464,21749
1608,1502,21754
1609,1516,21760
1610,1472,21764
1611,1529,21769
1612,1555,21774
1613,1562,21779
1614,1550,21783
1615,1500,21788
1616,1416,21793
1617,1456,21798
1618,1548,21803
1619,1597,21808
1620,1524,21813
1621,1457,21818
1622,1461,21823
1623,1537,21827
1624,1522,21832
1625,1407,21837
1626,1393,21842
1627,1480,21847
1628,1509,21852
1629,1460,21857
1630,1464,21862
1631,1497,21866
1632,1560,21871
1633,1605,21876
1634,1540,21881
1635,1438,21886
1636,1462,21891
1637,1480,21896
1638,1448,21901
1639,1454,21906
1640,1490,21910
1641,1536,21915
1642,1554,21920
1643,1572,21925
1644,1607,21929
1645,1576,21935
1646,1524,21940
1647,1538,21945
1648,1528,21949
1649,1453,21954
1650,1423,21959
1651,1418,21964
1652,1328,21969
1653,1345,21974
1654,1452,21979
1655,1527,21984
1656,1500,21989
1657,1531,21993
1658,1604,21998
1659,1601,22003
1660,1497,22008
1661,1474,22012
1662,1524,22018
1663,1462,22023
1664,1431,22028
1665,1505,22033
1666,1593,22037
1667,1573,22042
1668,1531,22047
1669,1555,22052
1670,1567,22056
1671,1550,22062
1672,1563,22067
1673,1495,22072
1674,1436,22076
1675,1476,22081
1676,1549,22086
1677,1624,22091
1678,1639,22095
1679,1501,22100
1680,1369,22106
1681,1386,22111
1682,1464,22116
1683,1434,22120
1684,1354,22125
1685,1406,22130
1686,1509,22135
1687,1631,22139
1688,1694,22145
1689,1715,22150
1690,1637,22155
1691,1542,22159
1692,1535,22164
1693,1567,22169
1694,1475,22174
1695,1433,22179
1696,1418,22183
1697,1422,22189
1698,1444,22194
1699,1402,22199
1700,1422,22203
1701,1517,22208
1702,1599,22213
1703,1643,22218
1704,1613,22222
1705,1567,22227
1706,1562,22233
1707,1570,22238
1708,1426,22242
1709,1287,22247
1710,1250,22252
1711,1314,22257
1712,1428,22262
1713,1549,22266
1714,1603,22272
1715,1619,22277
1716,1582,22282
1717,1565,22286
1718,1582,22291
1719,1590,22296
1720,1474,22301
1721,1217,22305
1722,1103,22310
1723,1143,22316
1724,1277,22321
1725,1444,22326
1726,1543,22330
1727,1607,22335
1728,1661,22340
1729,1689,22345
1730,1681,22349
1731,1475,22354
1732,1358,22360
1733,1361,22365
1734,1444,22369
1735,1535,22374
1736,1601,22379
1737,1643,22384
1738,1662,22388
1739,1661,22393
1740,1647,22398
1741,1612,22404
1742,1570,22409
1743,1510,22413
1744,1466,22418
1745,1456,22423
1746,1406,22428
1747,1257,22432
1748,1191,22437
1749,1244,22443
1750,1363,22448
1751,1470,22452
1752,1490,22457
1753,1458,22462
1754,1461,22467
1755,1508,22472
1756,1554,22476
1757,1579,22481
1758,1589,22487
1759,1585,22492
1760,1571,22496
1761,1552,22501
1762,1537,22506
1763,1529,22511
1764,1517,22515
1765,1505,22520
1766,1476,22525
1767,1343,22531
1768,1244,22535
1769,1270,22540
1770,1351,22545
1771,1438,22550
1772,1494,22555
1773,1539,22559
1774,1554,22564
1775,1556,22569
1776,1550,22575
1777,1541,22579
1778,1529,22584
1779,1519,22589
1780,1510,22594
1781,1503,22598
1782,1499,22603
1783,1493,22608
1784,1485,22614
1785,1466,22619
1786,1453,22623
1787,1447,22628
1788,1453,22633
1789,1473,22638
1790,1488,22642
1791,1500,22647
1792,1501,22652
1793,1495,22658
1794,1495,22662
1795,1495,22667
1796,1481,22672
1797,1476,22677
1798,1465,22681
1799,1463,22686
1800,1460,22691
1801,1459,22696
1802,1473,22702
1803,1495,22706
1804,1518,22711
1805,1530,22716
1806,1541,22721
1807,1544,22725
1808,1542,22730
1809,1540,22735
1810,1543,22740
1811,1544,22745
1812,1535,22750
1813,1531,22755
1814,1530,22760
1815,1528,22765
1816,1526,22769
1817,1523,22774
1818,1522,22779
1819,1516,22785
1820,1512,22789
1821,1511,22794
1822,1508,22799
1823,1484,22804
1824,1463,22808
1825,1468,22813
1826,1490,22818
1827,1504,22823
1828,1514,22828
1829,1526,22833
1830,1532,22838
1831,1538,22843
1832,1542,22848
1833,1543,22852
1834,1540,22857
1835,1540,22862
1836,1534,22867
1837,1528,22872
1838,1507,22877
1839,1495,22882
1840,1496,22887
1841,1487,22891
1842,1471,22896
1843,1464,22901
1844,1479,22906
1845,1503,22912
1846,1520,22916
1847,1528,22921
1848,1527,22926
1849,1519,22931
1850,1510,22935
1851,1500,22940
1852,1486,22945
1853,1478,22950
1854,1469,22955
1855,1460,22960
1856,1447,22965
1857,1426,22970
1858,1422,22974
1859,1451,22979
1860,1477,22984
1861,1497,22989
1862,1507,22994
1863,1511,22999
1864,1511,23004
1865,1511,23009
1866,1506,23014
1867,1504,23018
1868,1501,23023
1869,1486,23028
1870,1468,23033
1871,1462,23037
1872,1471,23043
1873,1483,23048
1874,1489,23053
1875,1506,23058
1876,1515,23062
1877,1521,23067
1878,1520,23072
1879,1518,23077
1880,1516,23081
1881,1512,23087
1882,1506,23092
1883,1500,23097
1884,1496,23101
1885,1492,23106
1886,1488,23111
1887,1487,23116
1888,1483,23120
1889,1478,23126
1890,1478,23131
1891,1474,23136
1892,1472,23141
1893,1468,23145
1894,1460,23150
1895,1456,23155
1896,1461,23160
1897,1472,23164
1898,1481,23170
1899,1486,23175
1900,1491,23180
1901,1492,23184
1902,1489,23189
1903,1483,23194
1904,1483,23199
1905,1484,23204
1906,1479,23208
1907,1471,23214
1908,1471,23219
1909,1479,23224
1910,1483,23228
1911,1488,23233
1912,1492,23238
1913,1498,23243
1914,1502,23247
1915,1503,23252
1916,1505,23258
1917,1504,23263
1918,1500,23267
1919,1482,23272
1920,1463,23277
1921,1455,23282
1922,1457,23287
1923,1469,23291
1924,1465,23297
1925,1470,23302
1926,1480,23307
1927,1493,23311
1928,1506,23316
1929,1515,23321
1930,1519,23326
1931,1519,23330
1932,1518,23335
1933,1518,23341
1934,1515,23346
1935,1510,23351
1936,1508,23355
1937,1509,23360
1938,1511,23365
1939,1506,23370
1940,1501,23374
1941,1500,23379
1942,1498,23385
1943,1497,23390
1944,1487,23394
1945,1485,23399
1946,1492,23404
1947,1498,23409
1948,1500,23413
1949,1501,23418
1950,1495,23424
1951,1479,23429
1952,1468,23434
1953,1463,23438
1954,1467,23443
1955,1468,23448
1956,1465,23453
1957,1467,23457
1958,1483,23462
1959,1499,23468
1960,1512,23473
1961,1520,23477
1962,1525,23482
1963,1526,23487
1964,1526,23492
1965,1524,23497
1966,1520,23501
1967,1513,23506
1968,1510,23512
1969,1508,23517
1970,1500,23521
1971,1496,23526
1972,1492,23531
1973,1490,23536
1974,1490,23540
1975,1493,23545
1976,1496,23550
1977,1497,23556
1978,1501,23560
1979,1508,23565
1980,1506,23570
1981,1505,23575
1982,1506,23580
1983,1504,23584
1984,1497,23589
1985,1489,23595
1986,1478,23600
1987,1470,23604
1988,1452,23609
1989,1443,23614
1990,1451,23619
1991,1476,23623
1992,1491,23628
1993,1501,23633
1994,1508,23639
1995,1510,23644
1996,1509,23648
1997,1507,23653
1998,1505,23658
1999,1501,23663
2000,1498,23667
2001,1491,23672
2002,1481,23677
2003,1478,23683
2004,1477,23687
2005,1477,23692
2006,1485,23697
2007,1493,23702
2008,1497,23706
2009,1501,23711
2010,1504,23716
2011,1509,23721
2012,1510,23727
2013,1507,23731
2014,1504,23736
2015,1497,23741
2016,1486,23746
2017,1483,23750
2018,1483,23755
2019,1481,23760
2020,1481,23766
2021,1483,23770
2022,1489,23775
2023,1498,23780
2024,1505,23785
2025,1509,23790
2026,1512,23794
2027,1513,23799
2028,1512,23804
2029,1510,23810
2030,1508,23814
2031,1505,23819
2032,1501,23824
2033,1496,23829
2034,1490,23833
2035,1474,23838
2036,1466,23843
2037,1467,23848
2038,1480,23853
2039,1497,23858
2040,1510,23863
2041,1520,23868
2042,1523,23873
2043,1524,23877
2044,1523,23882
2045,1518,23887
2046,1509,23892
2047,1500,23897
2048,1491,23902
2049,1483,23907
2050,1476,23912
2051,1467,23916
2052,1467,23921
2053,1468,23926
2054,1470,23931
2055,1477,23937
2056,1487,23941
2057,1499,23946
2058,1510,23951
2059,1516,23956
2060,1521,23960
2061,1521,23965
2062,1516,23970
2063,1510,23975
2064,1503,23980
2065,1490,23985
2066,1480,23990
2067,1472,23995
2068,1472,24000
2069,1473,24004
2070,1476,24009
2071,1487,24014
2072,1502,24019
2073,1516,24024
2074,1525,24029
2075,1527,24034
2076,1527,24039
2077,1525,24043
2078,1520,24048
2079,1514,24053
2080,1511,24058
2081,1509,24062
2082,1503,24068
2083,1493,24073
2084,1491,24078
2085,1493,24083
2086,1488,24087
2087,1482,24092
2088,1481,24097
2089,1482,24102
2090,1482,24107
2091,1483,24112
2092,1488,24117
2093,1492,24122
2094,1492,24126
2095,1494,24131
2096,1498,24136
2097,1496,24141
2098,1491,24146
2099,1489,24151
2100,1476,24156
2101,1458,24161
2102,1447,24166
2103,1452,24170
2104,1496,24175
2105,1522,24180
2106,1540,24185
2107,1551,24189
2108,1556,24195
2109,1559,24200
2110,1558,24205
2111,1551,24209
2112,1545,24214
2113,1542,24219
2114,1536,24224
2115,1527,24229
2116,1523,24233
2117,1521,24239
2118,1508,24244
2119,1492,24249
2120,1484,24253
2121,1491,24258
2122,1506,24263
2123,1516,24268
2124,1520,24272
2125,1521,24278
2126,1522,24283
2127,1524,24288
2128,1522,24293
2129,1513,24297
2130,1504,24302
2131,1496,24307
2132,1494,24312
2133,1499,24316
2134,1504,24322
2135,1503,24327
2136,1496,24332
2137,1493,24336
2138,1499,24341
2139,1510,24346
2140,1514,24351
2141,1515,24355
2142,1517,24360
2143,1517,24366
2144,1511,24371
2145,1500,24376
2146,1497,24380
2147,1497,24385
2148,1492,24390
2149,1485,24395
2150,1479,24399
2151,1482,24404
2152,1493,24410
2153,1503,24415
2154,1510,24419
2155,1516,24424
2156,1517,24429
2157,1515,24434
2158,1511,24439
2159,1503,24443
2160,1491,24449
2161,1477,24454
2162,1470,24459
2163,1474,24463
2164,1484,24468
2165,1491,24473
2166,1500,24478
2167,1505,24482
2168,1504,24487
2169,1502,24493
2170,1500,24498
2171,1502,24502
2172,1494,24507
2173,1479,24512
2174,1478,24517
2175,1482,24522
2176,1488,24526
2177,1488,24531
2178,1481,24537
2179,1479,24542
2180,1484,24546
2181,1488,24551
2182,1494,24556
2183,1498,24561
2184,1498,24565
2185,1498,24570
2186,1494,24576
2187,1478,24581
2188,1471,24586
2189,1468,24590
2190,1467,24595
2191,1472,24600
2192,1479,24605
2193,1482,24609
2194,1483,24614
2195,1485,24620
2196,1488,24625
2197,1488,24629
2198,1484,24634
2199,1481,24639
2200,1477,24644
2201,1464,24648
2202,1442,24653
2203,1436,24658
2204,1450,24664
2205,1469,24669
2206,1485,24673
2207,1498,24678
2208,1510,24683
2209,1514,24688
2210,1515,24692
2211,1514,24697
2212,1511,24702
2213,1506,24708
2214,1496,24712
2215,1486,24717
2216,1484,24722
2217,1484,24727
2218,1485,24731
2219,1479,24736
2220,1468,24741
2221,1462,24747
2222,1465,24752
2223,1477,24756
2224,1491,24761
2225,1497,24766
2226,1501,24771
2227,1505,24775
2228,1509,24780
2229,1514,24785
2230,1513,24791
2231,1510,24795
2232,1509,24800
2233,1510,24805
2234,1505,24810
2235,1498,24815
2236,1487,24819
2237,1483,24824
2238,1481,24829
2239,1480,24835
2240,1479,24839
2241,1468,24844
2242,1460,24849
2243,1463,24854
2244,1477,24858
2245,1495,24863
2246,1504,24868
2247,1510,24873
2248,1513,24879
2249,1509,24883
2250,1506,24888
2251,1504,24893
2252,1502,24898
2253,1492,24902
2254,1467,24907
2255,1457,24912
2256,1461,24918
2257,1479,24922
2258,1497,24927
2259,1511,24932
2260,1517,24937
2261,1524,24941
2262,1528,24946
2263,1528,24951
2264,1524,24956
2265,1512,24962
2266,1494,24966
2267,1487,24971
2268,1485,24976
2269,1489,24981
2270,1496,24985
2271,1494,24990
2272,1492,24995
2273,1492,25000
2274,1494,25005
2275,1496,25010
2276,1491,25015
2277,1468,25020
2278,1452,25024
2279,1449,25029
2280,1460,25034
2281,1478,25039
2282,1496,25044
2283,1508,25049
2284,1515,25054
2285,1516,25059
2286,1514,25064
2287,1509,25068
2288,1508,25073
2289,1483,25078
2290,1456,25083
2291,1444,25088
2292,1455,25093
2293,1474,25098
2294,1491,25103
2295,1502,25108
2296,1508,25112
2297,1513,25117
2298,1518,25122
2299,1519,25127
2300,1515,25132
2301,1498,25137
2302,1489,25142
2303,1495,25147
2304,1499,25151
2305,1498,25156
2306,1496,25161
2307,1485,25166
2308,1479,25171
2309,1476,25176
2310,1483,25181
2311,1486,25186
2312,1485,25191
2313,1493,25195
2314,1504,25200
2315,1510,25205
2316,1510,25210
2317,1514,25214
2318,1518,25220
2319,1509,25225
2320,1500,25230
2321,1501,25234
2322,1505,25239
2323,1499,25244
2324,1496,25249
2325,1499,25254
2326,1512,25259
2327,1521,25264
2328,1528,25269
2329,1534,25274
2330,1537,25278
2331,1539,25283
2332,1536,25288
2333,1522,25293
2334,1489,25297
2335,1462,25303
2336,1446,25308
2337,1448,25313
2338,1468,25318
2339,1495,25322
2340,1498,25327
2341,1498,25332
2342,1508,25337
2343,1513,25341
2344,1513,25347
2345,1513,25352
2346,1519,25357
2347,1514,25361
2348,1499,25366
2349,1492,25371
2350,1501,25376
2351,1515,25381
2352,1520,25385
2353,1523,25391
2354,1528,25396
2355,1536,25401
2356,1542,25405
2357,1525,25410
2358,1478,25415
2359,1453,25420
2360,1460,25424
2361,1477,25430
2362,1483,25435
2363,1492,25440
2364,1500,25444
2365,1512,25449
2366,1519,25454
2367,1518,25459
2368,1516,25464
2369,1521,25468
2370,1531,25474
2371,1531,25479
2372,1504,25484
2373,1480,25488
2374,1472,25493
2375,1482,25498
2376,1473,25503
2377,1454,25507
2378,1460,25512
2379,1479,25518
2380,1503,25523
2381,1511,25528
2382,1513,25532
2383,1521,25537
2384,1530,25542
2385,1527,25547
2386,1516,25551
2387,1510,25556
2388,1511,25562
2389,1500,25567
2390,1485,25571
2391,1478,25576
2392,1482,25581
2393,1482,25586
2394,1471,25591
2395,1476,25595
2396,1496,25601
2397,1517,25606
2398,1521,25611
2399,1525,25615
2400,1531,25620
2401,1525,25625
2402,1502,25630
2403,1480,25634
2404,1472,25639
2405,1475,25645
2406,1489,25650
2407,1506,25655
2408,1520,25659
2409,1523,25664
2410,1516,25669
2411,1510,25674
2412,1511,25678
2413,1504,25683
2414,1481,25689
2415,1456,25694
2416,1445,25698
2417,1448,25703
2418,1461,25708
2419,1472,25713
2420,1479,25717
2421,1488,25722
2422,1501,25728
2423,1512,25733
2424,1515,25738
2425,1521,25742
2426,1524,25747
2427,1519,25752
2428,1504,25757
2429,1493,25761
2430,1491,25766
2431,1487,25772
2432,1470,25777
2433,1455,25781
2434,1448,25786
2435,1460,25791
2436,1487,25796
2437,1516,25801
2438,1534,25805
2439,1547,25810
2440,1553,25816
2441,1558,25821
2442,1554,25825
2443,1541,25830
2444,1529,25835
2445,1528,25840
2446,1531,25844
2447,1521,25849
2448,1509,25854
2449,1505,25860
2450,1498,25864
2451,1497,25869
2452,1489,25874
2453,1493,25879
2454,1510,25884
2455,1532,25888
2456,1545,25893
2457,1555,25899
2458,1560,25904
2459,1559,25908
2460,1552,25913
2461,1547,25918
2462,1526,25923
2463,1501,25927
2464,1488,25932
2465,1486,25937
2466,1486,25943
2467,1494,25948
2468,1509,25952
2469,1527,25957
2470,1542,25962
2471,1550,25967
2472,1549,25971
2473,1537,25976
2474,1502,25981
2475,1484,25987
2476,1482,25991
2477,1496,25996
2478,1506,26001
2479,1506,26006
2480,1504,26010
2481,1502,26015
2482,1498,26020
2483,1501,26025
2484,1502,26031
2485,1494,26035
2486,1490,26040
2487,1489,26045
2488,1495,26050
2489,1503,26054
2490,1510,26059
2491,1520,26064
2492,1524,26070
2493,1514,26074
2494,1512,26079
2495,1517,26084
2496,1513,26089
2497,1504,26094
2498,1505,26098
2499,1506,26103
2500,1491,26108
2501,1464,26114
2502,1466,26118
2503,1490,26123
2504,1521,26128
2505,1527,26133
2506,1520,26137
2507,1517,26142
2508,1521,26147
2509,1530,26152
2510,1538,26157
2511,1538,26162
2512,1537,26167
2513,1526,26172
2514,1516,26177
2515,1511,26181
2516,1509,26186
2517,1497,26191
2518,1472,26196
2519,1462,26201
2520,1475,26206
2521,1499,26211
2522,1517,26216
2523,1519,26220
2524,1516,26225
2525,1512,26230
2526,1513,26235
2527,1512,26241
2528,1511,26245
2529,1485,26250
2530,1455,26255
2531,1441,26260
2532,1456,26264
2533,1479,26269
2534,1502,26274
2535,1509,26279
2536,1512,26284
2537,1518,26289
2538,1529,26294
2539,1536,26299
2540,1532,26303
2541,1524,26308
2542,1522,26313
2543,1513,26318
2544,1493,26323
2545,1480,26328
2546,1482,26333
2547,1493,26338
2548,1506,26343
2549,1508,26347
2550,1499,26352
2551,1498,26357
2552,1510,26362
2553,1518,26366
2554,1512,26372
2555,1510,26377
2556,1508,26382
2557,1501,26387
2558,1481,26391
2559,1467,26396
2560,1470,26401
2561,1487,26406
2562,1499,26411
2563,1504,26416
2564,1507,26421
2565,1503,26426
2566,1497,26430
2567,1485,26435
2568,1476,26440
2569,1476,26445
2570,1465,26449
2571,1455,26455
2572,1454,26460
2573,1457,26465
2574,1460,26470
2575,1463,26474
2576,1463,26479
2577,1463,26484
2578,1461,26489
2579,1462,26493
2580,1460,26499
2581,1454,26504
2582,1448,26509
2583,1450,26513
2584,1462,26518
2585,1477,26523
2586,1490,26528
2587,1487,26533
2588,1475,26537
2589,1472,26543
2590,1485,26548
2591,1502,26553
2592,1508,26557
2593,1493,26562
2594,1473,26567
2595,1461,26572
2596,1463,26576
2597,1479,26582
2598,1494,26587
2599,1508,26592
2600,1518,26597
2601,1521,26601
2602,1519,26606
2603,1507,26611
2604,1491,26616
2605,1476,26620
2606,1471,26626
2607,1468,26631
2608,1479,26636
2609,1497,26640
2610,1522,26645
2611,1539,26650
2612,1548,26655
2613,1551,26659
2614,1543,26664
2615,1533,26670
2616,1523,26675
2617,1498,26680
2618,1474,26684
2619,1464,26689
2620,1477,26694
2621,1491,26699
2622,1485,26703
2623,1486,26708
2624,1490,26714
2625,1500,26719
2626,1505,26723
2627,1512,26728
2628,1520,26733
2629,1523,26738
2630,1520,26743
2631,1511,26747
2632,1501,26753
2633,1484,26758
2634,1473,26763
2635,1470,26767
2636,1473,26772
2637,1481,26777
2638,1500,27270
2639,1478,27275
2640,1464,27280
2641,1466,27285
2642,1468,27289
2643,1474,27294
2644,1483,27299
2645,1495,27304
2646,1509,27309
2647,1516,27314
2648,1518,27319
2649,1516,27324
2650,1513,27328
2651,1503,27333
2652,1484,27338
2653,1459,27343
2654,1448,27348
2655,1453,27353
2656,1470,27358
2657,1484,27363
2658,1498,27368
2659,1506,27372
2660,1510,27377
2661,1513,27382
2662,1514,27387
2663,1509,27392
2664,1502,27397
2665,1489,27402
2666,1473,27407
2667,1459,27412
2668,1456,27416
2669,1455,27421
2670,1456,27426
2671,1463,27431
2672,1475,27436
2673,1488,27441
2674,1501,27446
2675,1509,27451
2676,1512,27455
2677,1514,27460
2678,1515,27465
2679,1514,27470
2680,1514,27474
2681,1508,27480
2682,1501,27485
2683,1495,27490
2684,1488,27495
2685,1490,27499
2686,1489,27504
2687,1475,27509
2688,1461,27514
2689,1456,27518
2690,1462,27524
2691,1477,27529
2692,1492,27534
2693,1506,27538
2694,1515,27543
2695,1524,27548
2696,1526,27553
2697,1525,27558
2698,1523,27563
2699,1520,27568
2700,1511,27573
2701,1504,27578
2702,1497,27582
2703,1492,27587
2704,1489,27592
2705,1489,27597
2706,1485,27601
2707,1472,27607
2708,1456,27612
2709,1440,27617
2710,1440,27622
2711,1455,27626
2712,1466,27631
2713,1475,27636
2714,1490,27641
2715,1501,27645
2716,1505,27651
2717,1497,27656
2718,1491,27661
2719,1488,27665
2720,1486,27670
2721,1480,27675
2722,1477,27680
2723,1486,27684
2724,1497,27689
2725,1508,27695
2726,1512,27700
2727,1515,27705
2728,1512,27709
2729,1502,27714
2730,1489,27719
2731,1472,27724
2732,1461,27728
2733,1452,27734
2734,1438,27739
2735,1431,27744
2736,1436,27748
2737,1449,27753
2738,1462,27758
2739,1483,27763
2740,1506,27767
2741,1524,27772
2742,1532,27778
2743,1537,27783
2744,1538,27788
2745,1535,27792
2746,1530,27797
2747,1529,27802
2748,1527,27807
2749,1518,27811
2750,1502,27816
2751,1484,27822
2752,1476,27827
2753,1473,27831
2754,1477,27836
2755,1487,27841
2756,1492,27846
2757,1496,27851
2758,1502,27855
2759,1508,27860
2760,1511,27866
2761,1509,27871
2762,1505,27875
2763,1504,27880
2764,1503,27885
2765,1501,27890
2766,1482,27894
2767,1455,27899
2768,1444,27905
2769,1446,27910
2770,1457,27915
2771,1468,27919
2772,1485,27924
2773,1500,27929
2774,1510,27934
2775,1517,27938
2776,1522,27943
2777,1525,27949
2778,1520,27954
2779,1514,27958
2780,1510,27963
2781,1506,27968
2782,1501,27973
2783,1490,27977
2784,1482,27982
2785,1479,27987
2786,1482,27993
2787,1477,27998
2788,1470,28002
2789,1474,28007
2790,1482,28012
2791,1483,28017
2792,1476,28021
2793,1477,28026
2794,1489,28032
2795,1505,28037
2796,1518,28041
2797,1525,28046
2798,1526,28051
2799,1520,28056
2800,1515,28061
2801,1516,28065
2802,1516,28070
2803,1505,28076
2804,1495,28081
2805,1492,28085
2806,1495,28090
2807,1498,28095
2808,1500,28100
2809,1499,28104
2810,1498,28109
2811,1503,28114
2812,1510,28120
2813,1517,28124
2814,1519,28129
2815,1515,28134
2816,1510,28139
2817,1504,28144
2818,1496,28148
2819,1492,28153
2820,1491,28158
2821,1498,28164
2822,1502,28168
2823,1500,28173
2824,1481,28178
2825,1458,28183
2826,1452,28187
2827,1462,28192
2828,1478,28197
2829,1494,28203
2830,1504,28208
2831,1508,28212
2832,1506,28217
2833,1506,28222
2834,1507,28227
2835,1508,28231
2836,1506,28236
2837,1500,28241
2838,1491,28247
2839,1482,28251
2840,1477,28256
2841,1477,28261
2842,1475,28266
2843,1476,28270
2844,1482,28275
2845,1492,28280
2846,1505,28285
2847,1514,28291
2848,1521,28295
2849,1525,28300
2850,1529,28305
2851,1531,28310
2852,1528,28314
2853,1525,28319
2854,1523,28324
2855,1514,28329
2856,1498,28334
2857,1471,28339
2858,1457,28344
2859,1456,28349
2860,1465,28354
2861,1478,28358
2862,1491,28363
2863,1497,28368
2864,1498,28374
2865,1500,28378
2866,1506,28383
2867,1506,28388
2868,1478,28393
2869,1443,28397
2870,1438,28402
2871,1458,28407
2872,1482,28412
2873,1496,28417
2874,1502,28422
2875,1507,28427
2876,1508,28432
2877,1510,28437
2878,1513,28441
2879,1512,28446
2880,1495,28451
2881,1476,28456
2882,1465,28461
2883,1457,28466
2884,1456,28471
2885,1461,28476
2886,1468,28480
2887,1477,28485
2888,1481,28490
2889,1480,28495
2890,1483,28500
2891,1489,28505
2892,1493,28510
2893,1493,28515
2894,1492,28520
2895,1493,28524
2896,1493,28529
2897,1492,28534
2898,1488,28539
2899,1485,28544
2900,1481,28549
2901,1477,28554
2902,1467,28559
2903,1454,28563
2904,1447,28568
2905,1448,28573
2906,1454,28578
2907,1455,28583
2908,1450,28588
2909,1441,28593
2910,1437,28598
2911,1440,28603
2912,1456,28607
2913,1471,28612
2914,1483,28617
2915,1490,28622
2916,1482,28626
2917,1479,28632
2918,1487,28637
2919,1505,28642
2920,1523,28647
2921,1531,28651
2922,1532,28656
2923,1530,28661
2924,1527,28666
2925,1520,28670
2926,1510,28676
2927,1503,28681
2928,1500,28686
2929,1493,28690
2930,1483,28695
2931,1480,28700
2932,1493,28705
2933,1510,28709
2934,1522,28715
2935,1529,28720
2936,1533,28725
2937,1534,28730
2938,1532,28734
2939,1525,28739
2940,1508,28744
2941,1495,28749
2942,1490,28753
2943,1491,28759
2944,1495,28764
2945,1489,28769
2946,1480,28773
2947,1472,28778
2948,1473,28783
2949,1485,28788
2950,1496,28793
2951,1495,28797
2952,1491,28803
2953,1494,28808
2954,1504,28813
2955,1512,28817
2956,1521,28822
2957,1529,28827
2958,1529,28832
2959,1524,28836
2960,1516,28841
2961,1503,28847
2962,1495,28852
2963,1495,28856
2964,1503,28861
2965,1506,28866
2966,1504,28871
2967,1499,28876
2968,1493,28880
2969,1487,28886
2970,1485,28891
2971,1487,28896
2972,1487,28900
2973,1483,28905
2974,1482,28910
2975,1486,28915
2976,1487,28919
2977,1485,28924
2978,1489,28930
2979,1496,28935
2980,1504,28940
2981,1510,28944
2982,1511,28949
2983,1509,28954
2984,1508,28959
2985,1511,28963
2986,1504,28968
2987,1484,28974
2988,1469,28979
2989,1468,28983
2990,1481,28988
2991,1493,28993
2992,1502,28998
2993,1513,29002
2994,1523,29007
2995,1528,29012
2996,1527,29018
2997,1519,29023
2998,1509,29027
2999,1493,29032
3000,1473,29037
3001,1458,29042
3002,1454,29046
3003,1461,29051
3004,1474,29057
3005,1493,29062
3006,1506,29066
3007,1512,29071
3008,1509,29076
3009,1501,29081
3010,1497,29086
3011,1496,29090
3012,1493,29095
3013,1485,29101
3014,1480,29106
3015,1484,29110
3016,1492,29115
3017,1505,29120
3018,1512,29125
3019,1517,29129
3020,1517,29134
3021,1516,29139
3022,1513,29145
3023,1505,29149
3024,1491,29154
3025,1486,29159
3026,1490,29164
3027,1492,29169
3028,1481,29173
3029,1471,29178
3030,1475,29184
3031,1486,29189
3032,1488,29193
3033,1475,29198
3034,1471,29203
3035,1479,29208
3036,1490,29212
3037,1499,29217
3038,1507,29222
3039,1512,29228
3040,1509,29233
3041,1494,29237
3042,1477,29242
3043,1473,29247
3044,1480,29252
3045,1476,29256
3046,1470,29261
3047,1471,29266
3048,1477,29272
3049,1486,29276
3050,1491,29281
3051,1490,29286
3052,1489,29291
3053,1483,29295
3054,1472,29300
3055,1463,29305
3056,1453,29310
3057,1455,29316
3058,1467,29320
3059,1485,29325
3060,1502,29330
3061,1512,29335
3062,1514,29339
3063,1513,29344
3064,1512,29349
3065,1512,29355
3066,1510,29359
3067,1495,29364
3068,1469,29369
3069,1459,29374
3070,1459,29379
3071,1477,29383
3072,1497,29388
3073,1508,29393
3074,1509,29399
3075,1505,29403
3076,1500,29408
3077,1502,29413
3078,1508,29418
3079,1506,29422
3080,1499,29427
3081,1497,29432
3082,1496,29437
3083,1495,29443
3084,1496,29447
3085,1497,29452
3086,1499,29457
3087,1503,29462
3088,1510,29466
3089,1515,29471
3090,1514,29476
3091,1506,29481
3092,1498,29486
3093,1493,29491
3094,1484,29496
3095,1474,29501
3096,1471,29505
3097,1479,29510
3098,1490,29515
3099,1500,29520
3100,1509,29526
3101,1511,29530
3102,1498,29535
3103,1484,29540
3104,1478,29545
3105,1479,29549
3106,1485,29554
3107,1489,29559
3108,1486,29564
3109,1487,29569
3110,1489,29574
3111,1490,29579
3112,1496,29584
3113,1503,29589
3114,1512,29593
3115,1515,29598
3116,1515,29603
3117,1503,29608
3118,1483,29613
3119,1472,29618
3120,1477,29623
3121,1486,29628
3122,1487,29632
3123,1487,29637
3124,1496,29642
3125,1507,29647
3126,1516,29651
3127,1523,29657
3128,1521,29662
3129,1510,29667
3130,1500,29672
3131,1489,29676
3132,1477,29681
3133,1473,29686
3134,1475,29691
3135,1474,29696
3136,1480,29701
3137,1496,29706
3138,1506,29711
3139,1513,29715
3140,1509,29720
3141,1502,29725
3142,1498,29730
3143,1495,29735
3144,1492,29740
3145,1492,29745
3146,1494,29750
3147,1501,29755
3148,1509,29759
3149,1508,29764
3150,1503,29769
3151,1503,29774
3152,1505,29778
3153,1497,29784
3154,1486,29789
3155,1480,29794
3156,1478,29798
3157,1485,29803
3158,1499,29808
3159,1506,29813
3160,1497,29818
3161,1491,29822
3162,1492,29828
3163,1502,29833
3164,1511,29838
3165,1501,29842
3166,1484,29847
3167,1475,29852
3168,1475,29857
3169,1472,29861
3170,1475,29867
3171,1484,29872
3172,1490,29877
3173,1486,29882
3174,1481,29886
3175,1484,29891
3176,1493,29896
3177,1498,29901
3178,1491,29905
3179,1479,29911
3180,1479,29916
3181,1486,29921
3182,1494,29925
3183,1500,29930
3184,1503,29935
3185,1505,29940
3186,1505,29944
3187,1496,29949
3188,1475,29955
3189,1462,29960
3190,1465,29965
3191,1477,29969
3192,1489,29974
3193,1497,29979
3194,1507,29984
3195,1515,29988
3196,1519,29993
3197,1518,29999
3198,1506,30004
3199,1489,30008
3200,1476,30013
3201,1470,30018
3202,1462,30023
3203,1458,30028
3204,1459,30032
3205,1469,30038
3206,1488,30043
3207,1506,30048
3208,1522,30052
3209,1531,30057
3210,1535,30062
3211,1537,30067
3212,1531,30071
3213,1502,30076
3214,1476,30082
3215,1467,30087
3216,1475,30091
3217,1488,30096
3218,1492,30101
3219,1496,30106
3220,1502,30111
3221,1511,30115
3222,1519,30120
3223,1523,30126
3224,1523,30131
3225,1520,30135
3226,1518,30140
3227,1518,30145
3228,1517,30150
3229,1504,30154
3230,1471,30159
3231,1445,30164
3232,1440,30170
3233,1457,30175
3234,1483,30179
3235,1502,30184
3236,1518,30189
3237,1519,30194
3238,1520,30198
3239,1522,30203
3240,1522,30209
3241,1515,30214
3242,1507,30218
3243,1500,30223
3244,1492,30228
3245,1478,30233
3246,1460,30237
3247,1447,30242
3248,1444,30247
3249,1460,30253
3250,1487,30258
3251,1506,30262
3252,1517,30267
3253,1521,30272
3254,1521,30277
3255,1518,30281
3256,1515,30286
3257,1507,30291
3258,1494,30297
3259,1486,30301
3260,1483,30306
3261,1487,30311
3262,1491,30316
3263,1484,30321
3264,1470,30325
3265,1463,30330
3266,1466,30336
3267,1480,30341
3268,1492,30345
3269,1503,30350
3270,1510,30355
3271,1513,30360
3272,1511,30364
3273,1507,30369
3274,1504,30374
3275,1502,30380
3276,1490,30385
3277,1477,30389
3278,1458,30394
3279,1447,30399
3280,1449,30404
3281,1463,30408
3282,1478,30413
3283,1493,30418
3284,1508,30424
3285,1522,30428
3286,1525,30433
3287,1523,30438
3288,1522,30443
3289,1518,30448
3290,1511,30452
3291,1500,30457
3292,1483,30462
3293,1467,30468
3294,1463,30472
3295,1464,30477
3296,1468,30482
3297,1475,30487
3298,1482,30491
3299,1485,30496
3300,1486,30501
3301,1486,30507
3302,1488,30511
3303,1490,30516
3304,1490,30521
3305,1490,30526
3306,1494,30531
3307,1491,30535
3308,1482,30540
3309,1467,30545
3310,1460,30551
3311,1451,30555
3312,1441,30560
3313,1441,30565
3314,1449,30570
3315,1467,30574
3316,1481,30579
3317,1494,30584
3318,1500,30589
3319,1501,30595
3320,1499,30599
3321,1494,30604
3322,1461,30609
3323,1421,30614
3324,1378,30618
3325,1359,30623
3326,1354,30628
3327,1333,30633
3328,1316,30638
3329,1340,30643
3330,1390,30648
3331,1433,30653
3332,1428,30657
3333,1381,30662
3334,1367,30667
3335,1400,30672
3336,1446,30678
3337,1392,30682
3338,1229,30687
3339,1133,30692
3340,1137,30697
3341,1249,30701
3342,1375,30706
3343,1448,30711
3344,1438,30716
3345,1411,30721
3346,1401,30726
3347,1402,30731
3348,1388,30736
3349,1349,30741
3350,1345,30745
3351,1392,30750
3352,1486,30755
3353,1552,30760
3354,1544,30765
3355,1537,30770
3356,1535,30775
3357,1538,30780
3358,1446,30784
3359,1264,30789
3360,1224,30794
3361,1294,30799
3362,1416,30804
3363,1523,30809
3364,1578,30814
3365,1543,30819
3366,1481,30824
3367,1476,30828
3368,1488,30833
3369,1502,30838
3370,1402,30843
3371,1267,30848
3372,1217,30853
3373,1312,30858
3374,1422,30863
3375,1388,30867
3376,1251,30872
3377,1282,30877
3378,1401,30882
3379,1540,30887
3380,1628,30892
3381,1652,30897
3382,1663,30902
3383,1656,30907
3384,1629,30911
3385,1403,30916
3386,1272,30921
3387,1299,30926
3388,1415,30930
3389,1490,30936
3390,1375,30941
3391,1286,30946
3392,1350,30950
3393,1503,30955
3394,1585,30960
3395,1574,30965
3396,1585,30970
3397,1626,30974
3398,1672,30980
3399,1673,30985
3400,1637,30990
3401,1533,30994
3402,1487,30999
3403,1442,31004
3404,1382,31009
3405,1361,31013
3406,1395,31019
3407,1351,31024
3408,1259,31029
3409,1299,31034
3410,1425,31038
3411,1559,31043
3412,1679,31048
3413,1742,31053
3414,1756,31057
3415,1717,31063
3416,1589,31068
3417,1552,31073
3418,1527,31077
3419,1454,31082
3420,1384,31087
3421,1318,31092
3422,1269,31096
3423,1319,31101
3424,1472,31107
3425,1604,31112
3426,1603,31117
3427,1598,31121
3428,1627,31126
3429,1676,31131
3430,1643,31136
3431,1623,31140
3432,1624,31145
3433,1579,31151
3434,1573,31156
3435,1476,31160
3436,1402,31165
3437,1436,31170
3438,1505,31175
3439,1598,31180
3440,1677,31184
3441,1694,31190
3442,1550,31195
3443,1476,31200
3444,1536,31204
3445,1519,31209
3446,1434,31214
3447,1411,31219
3448,1483,31223
3449,1519,31228
3450,1563,31234
3451,1604,31239
3452,1560,31244
3453,1477,31248
3454,1478,31253
3455,1526,31258
3456,1560,31263
3457,1602,31267
3458,1510,31272
3459,1433,31278
3460,1474,31283
3461,1553,31287
3462,1598,31292
3463,1593,31297
3464,1600,31302
3465,1642,31307
3466,1485,31311
3467,1428,31316
3468,1492,31322
3469,1540,31327
3470,1479,31331
3471,1515,31336
3472,1608,31341
3473,1617,31346
3474,1576,31350
3475,1541,31355
3476,1561,31361
3477,1583,31366
3478,1590,31370
3479,1483,31375
3480,1361,31380
3481,1382,31385
3482,1502,31390
3483,1589,31394
3484,1612,31399
3485,1619,31405
3486,1633,31410
3487,1564,31414
3488,1492,31419
3489,1529,31424
3490,1603,31429
3491,1624,31433
3492,1592,31438
3493,1476,31443
3494,1454,31449
3495,1487,31454
3496,1524,31458
3497,1508,31463
3498,1473,31468
3499,1435,31473
3500,1443,31477
3501,1444,31482
3502,1490,31488
3503,1553,31493
3504,1488,31497
3505,1499,31502
3506,1545,31507
3507,1555,31512
3508,1558,31517
3509,1609,31521
3510,1577,31526
3511,1452,31532
3512,1455,31537
3513,1545,31541
3514,1588,31546
3515,1510,31551
3516,1486,31556
3517,1536,31560
3518,1588,31565
3519,1559,31570
3520,1495,31576
3521,1417,31580
3522,1399,31585
3523,1493,31590
3524,1595,31595
3525,1665,31600
3526,1637,31604
3527,1601,31609
3528,1554,31614
3529,1508,31620
3530,1414,31624
3531,1443,31629
3532,1478,31634
3533,1395,31639
3534,1384,31643
3535,1484,31648
3536,1599,31653
3537,1648,31659
3538,1588,31664
3539,1587,31668
3540,1624,31673
3541,1643,31678
3542,1644,31683
3543,1606,31687
3544,1496,31692
3545,1338,31697
3546,1280,31703
3547,1339,31707
3548,1474,31712
3549,1546,31717
3550,1438,31722
3551,1383,31727
3552,1452,31731
3553,1595,31736
3554,1686,31741
3555,1739,31747
3556,1739,31751
3557,1688,31756
3558,1596,31761
3559,1406,31766
3560,1370,31770
3561,1434,31775
3562,1493,31780
3563,1411,31785
3564,1345,31790
3565,1397,31795
3566,1498,31800
3567,1610,31805
3568,1669,31810
3569,1645,31814
3570,1612,31819
3571,1604,31824
3572,1609,31830
3573,1634,31834
3574,1524,31839
3575,1359,31844
3576,1321,31849
3577,1407,31853
3578,1479,31858
3579,1436,31863
3580,1401,31868
3581,1456,31874
3582,1543,31878
3583,1624,31883
3584,1665,31888
3585,1687,31893
3586,1673,31897
3587,1632,31902
3588,1590,31907
3589,1463,31912
3590,1299,31917
3591,1220,31922
3592,1266,31927
3593,1320,31932
3594,1358,31936
3595,1436,31941
3596,1524,31946
3597,1577,31951
3598,1607,31956
3599,1644,31961
3600,1669,31966
3601,1700,31971
3602,1691,31976
3603,1581,31980
3604,1429,31985
3605,1317,31990
3606,1289,31995
3607,1241,31996
3608,1289,32005
3609,1377,32010
3610,1477,32015
3611,1577,32020
3612,1667,32024
3613,1708,32029
3614,1711,32034
3615,1647,32039
3616,1548,32044
3617,1447,32049
3618,1353,32054
3619,1290,32059
3620,1330,32063
3621,1370,32068
3622,1391,32073
3623,1434,32078
3624,1513,32083
3625,1596,32088
3626,1661,32093
3627,1693,32098
3628,1704,32103
3629,1661,32107
3630,1609,32112
3631,1481,32117
3632,1399,32122
3633,1357,32126
3634,1319,32132
3635,1333,32137
3636,1398,32142
3637,1460,32146
3638,1526,32151
3639,1548,32156
3640,1529,32161
3641,1534,32166
3642,1570,32171
3643,1561,32176
3644,1489,32181
3645,1459,32186
3646,1493,32190
3647,1521,32195
3648,1445,32200
3649,1437,32205
3650,1380,32209
3651,1336,32215
3652,1360,32220
3653,1382,32225
3654,1364,32230
3655,1405,32234
3656,1509,32239
3657,1617,32244
3658,1675,32249
3659,1657,32253
3660,1610,32259
3661,1572,32264
3662,1493,32269
3663,1430,32273
3664,1422,32278
3665,1401,32283
3666,1462,32288
3667,1533,32292
3668,1572,32297
3669,1533,32303
3670,1473,32308
3671,1360,32313
3672,1379,32317
3673,1484,32322
3674,1572,32327
3675,1633,32332
3676,1630,32336
3677,1578,32342
3678,1501,32347
3679,1396,32352
3680,1371,32356
3681,1426,32361
3682,1467,32366
3683,1493,32371
3684,1477,32376
3685,1456,32380
3686,1491,32386
3687,1548,32391
3688,1537,32396
3689,1456,32400
3690,1475,32405
3691,1519,32410
3692,1410,32415
3693,1330,32419
3694,1365,32424
3695,1357,32430
3696,1288,32435
3697,1338,32439
3698,1443,32444
3699,1472,32449
3700,1548,32454
3701,1646,32459
3702,1698,32463
3703,1692,32468
3704,1669,32474
3705,1582,32479
3706,1404,32483
3707,1332,32488
3708,1406,32493
3709,1477,32498
3710,1524,32502
3711,1426,32507
3712,1409,32513
3713,1460,32518
3714,1501,32523
3715,1531,32527
3716,1550,32532
3717,1545,32537
3718,1426,32542
3719,1400,32546
3720,1457,32551
3721,1560,32557
3722,1566,32562
3723,1511,32566
3724,1534,32571
3725,1574,32576
3726,1481,32581
3727,1365,32585
3728,1376,32590
3729,1435,32595
3730,1415,32601
3731,1374,32606
3732,1360,32610
3733,1386,32615
3734,1481,32620
3735,1602,32625
3736,1670,32629
3737,1706,32634
3738,1669,32640
3739,1607,32645
3740,1585,32649
3741,1618,32654
3742,1439,32659
3743,1301,32664
3744,1314,32669
3745,1412,32673
3746,1507,32678
3747,1451,32684
3748,1438,32689
3749,1536,32693
3750,1553,32698
3751,1561,32703
3752,1597,32708
3753,1587,32712
3754,1465,32717
3755,1396,32722
3756,1416,32728
3757,1351,32732
3758,1297,32737
3759,1353,32742
3760,1469,32747
3761,1618,32752
3762,1688,32756
3763,1661,32761
3764,1600,32766
3765,1545,32772
3766,1499,32776
3767,1479,32781
3768,1467,32786
3769,1391,32791
3770,1355,32795
3771,1389,32800
3772,1413,32805
3773,1388,32811
3774,1397,32816
3775,1489,32820
3776,1599,32825
3777,1643,32830
3778,1634,32835
3779,1596,32839
3780,1559,32844
3781,1558,32849
3782,1518,32855
3783,1496,32859
3784,1525,32864
3785,1563,32869
3786,1494,32874
3787,1423,32878
3788,1399,32883
3789,1451,32888
3790,1536,32893
3791,1598,32899
3792,1536,32903
3793,1420,32908
3794,1408,32913
3795,1503,32918
3796,1535,32922
3797,1577,32927
3798,1590,32932
3799,1572,32937
3800,1539,32942
3801,1486,32947
3802,1526,32952
3803,1523,32957
3804,1488,32962
3805,1487,32966
3806,1496,32971
3807,1420,32976
3808,1384,32982
3809,1421,32986
3810,1428,32991
3811,1429,32996
3812,1483,33001
3813,1552,33005
3814,1512,33010
3815,1484,33015
3816,1527,33020
3817,1548,33025
3818,1501,33030
3819,1521,33035
3820,1552,33040
3821,1513,33045
3822,1507,33049
3823,1568,33054
3824,1601,33059
3825,1469,33064
3826,1397,33069
3827,1423,33074
3828,1503,33079
3829,1591,33084
3830,1466,33088
3831,1336,33093
3832,1390,33098
3833,1500,33103
3834,1570,33108
3835,1588,33113
3836,1561,33118
3837,1426,33123
3838,1390,33128
3839,1439,33132
3840,1551,33137
3841,1634,33142
3842,1682,33147
3843,1654,33152
3844,1492,33157
3845,1419,33162
3846,1367,33167
3847,1367,33171
3848,1422,33176
3849,1502,33181
3850,1450,33186
3851,1420,33191
3852,1467,33196
3853,1525,33201
3854,1593,33206
3855,1641,33211
3856,1569,33215
3857,1531,33220
3858,1564,33225
3859,1546,33230
3860,1465,33234
3861,1454,33240
3862,1467,33245
3863,1550,33250
3864,1518,33255
3865,1407,33259
3866,1426,33264
3867,1484,33269
3868,1504,33274
3869,1504,33278
3870,1528,33284
3871,1561,33289
3872,1619,33294
3873,1650,33298
3874,1588,33303
3875,1478,33308
3876,1403,33313
3877,1403,33317
3878,1465,33323
3879,1490,33328
3880,1427,33333
3881,1425,33338
3882,1438,33342
3883,1406,33347
3884,1452,33352
3885,1534,33357
3886,1601,33361
3887,1564,33367
3888,1464,33372
3889,1495,33377
3890,1490,33381
3891,1452,33386
3892,1476,33391
3893,1541,33396
3894,1593,33401
3895,1534,33405
3896,1462,33411
3897,1422,33416
3898,1469,33421
3899,1540,33425
3900,1582,33430
3901,1595,33435
3902,1619,33440
3903,1531,33444
3904,1380,33449
3905,1397,33455
3906,1479,33460
3907,1437,33464
3908,1328,33469
3909,1354,33474
3910,1447,33479
3911,1492,33484
3912,1473,33488
3913,1496,33494
3914,1460,33499
3915,1404,33504
3916,1497,33508
3917,1559,33513
3918,1606,33518
3919,1638,33523
3920,1580,33527
3921,1550,33532
3922,1513,33538
3923,1442,33543
3924,1448,33548
3925,1435,33552
3926,1429,33557
3927,1425,33562
3928,1374,33567
3929,1393,33571
3930,1436,33576
3931,1389,33582
3932,1424,33587
3933,1502,33591
3934,1550,33596
3935,1577,33601
3936,1585,33606
3937,1572,33610
3938,1477,33615
3939,1401,33620
3940,1407,33626
3941,1445,33631
3942,1422,33635
3943,1336,33640
3944,1361,33645
3945,1413,33650
3946,1464,33654
3947,1516,33659
3948,1558,33665
3949,1490,33670
3950,1422,33674
3951,1493,33679
3952,1553,33684
3953,1517,33689
3954,1530,33694
3955,1574,33698
3956,1440,33703
3957,1344,33709
3958,1403,33714
3959,1457,33718
3960,1406,33723
3961,1423,33728
3962,1504,33733
3963,1500,33737
3964,1477,33742
3965,1543,33747
3966,1619,33753
3967,1644,33757
3968,1613,33762
3969,1606,33767
3970,1583,33772
3971,1408,33777
3972,1331,33781
3973,1337,33786
3974,1408,33792
3975,1477,33797
3976,1427,33801
3977,1380,33806
3978,1387,33811
3979,1465,33816
3980,1559,33820
3981,1641,33825
3982,1682,33830
3983,1695,33836
3984,1655,33841
3985,1440,33845
3986,1320,33850
3987,1280,33855
3988,1253,33860
3989,1284,33864
3990,1340,33869
3991,1398,33874
3992,1471,33880
3993,1567,33884
3994,1583,33889
3995,1578,33894
3996,1586,33899
3997,1547,33903
3998,1539,33908
3999,1583,33913
4000,1550,33918
4001,1451,33924
4002,1373,33928
4003,1355,33933
4004,1396,33938
4005,1309,33943
4006,1353,33947
4007,1456,33952
4008,1503,33957
4009,1519,33963
4010,1573,33967
4011,1660,33972
4012,1607,33977
4013,1560,33982
4014,1573,33987
4015,1571,33991
4016,1557,33996
4017,1579,34001
4018,1533,34007
4019,1455,34011
4020,1485,34016
4021,1488,34021
4022,1460,34026
4023,1400,34030
4024,1407,34035
4025,1447,34040
4026,1501,34045
4027,1566,34050
4028,1572,34055
4029,1555,34060
4030,1488,34065
4031,1460,34070
4032,1450,34074
4033,1416,34079
4034,1388,34084
4035,1416,34089
4036,1470,34094
4037,1489,34099
4038,1532,34104
4039,1601,34109
4040,1667,34113
4041,1674,34118
4042,1661,34123
4043,1674,34128
4044,1646,34134
4045,1505,34138
4046,1401,34143
4047,1364,34148
4048,1252,34153
4049,1175,34157
4050,1275,34162
4051,1409,34167
4052,1575,34172
4053,1685,34177
4054,1741,34182
4055,1707,34187
4056,1663,34192
4057,1645,34196
4058,1573,34201
4059,1423,34206
4060,1395,34211
4061,1422,34216
4062,1376,34221
4063,1364,34226
4064,1449,34231
4065,1483,34236
4066,1486,34240
4067,1525,34245
4068,1589,34250
4069,1627,34255
4070,1508,34259
4071,1427,34265
4072,1480,34270
4073,1570,34275
4074,1645,34280
4075,1616,34284
4076,1595,34289
4077,1604,34294
4078,1531,34299
4079,1380,34304
4080,1362,34309
4081,1441,34314
4082,1514,34319
4083,1578,34323
4084,1591,34328
4085,1581,34333
4086,1598,34338
4087,1592,34343
4088,1523,34348
4089,1431,34353
4090,1438,34358
4091,1383,34363
4092,1221,34367
4093,1246,34372
4094,1373,34377
4095,1361,34382
4096,1346,34386
4097,1443,34392
4098,1608,34397
4099,1671,34402
4100,1623,34406
4101,1624,34411
4102,1634,34416
4103,1559,34421
4104,1508,34426
4105,1443,34430
4106,1319,34436
4107,1300,34441
4108,1422,34446
4109,1525,34450
4110,1628,34455
4111,1709,34460
4112,1735,34465
4113,1729,34469
4114,1642,34475
4115,1460,34480
4116,1421,34485
4117,1443,34489
4118,1384,34494
4119,1394,34499
4120,1462,34504
4121,1483,34509
4122,1474,34513
4123,1530,34519
4124,1616,34524
4125,1668,34529
4126,1643,34533
4127,1578,34538
4128,1517,34543
4129,1411,34548
4130,1394,34552
4131,1450,34557
4132,1525,34563
4133,1621,34568
4134,1667,34573
4135,1667,34577
4136,1570,34582
4137,1438,34587
4138,1397,34592
4139,1360,34596
4140,1342,34601
4141,1383,34607
4142,1476,34612
4143,1559,34616
4144,1595,34621
4145,1512,34626
4146,1467,34631
4147,1511,34635
4148,1551,34640
4149,1465,34646
4150,1421,34651
4151,1431,34656
4152,1407,34660
4153,1368,34665
4154,1409,34670
4155,1447,34675
4156,1507,34679
4157,1510,34684
4158,1426,34690
4159,1464,34695
4160,1551,34699
4161,1581,34704
4162,1554,34709
4163,1580,34714
4164,1551,34719
4165,1457,34723
4166,1388,34728
4167,1384,34734
4168,1294,34739
4169,1338,34743
4170,1383,34748
4171,1375,34753
4172,1439,34758
4173,1540,34762
4174,1625,34767
4175,1666,34772
4176,1644,34778
4177,1579,34783
4178,1503,34787
4179,1398,34792
4180,1396,34797
4181,1376,34802
4182,1353,34806
4183,1326,34811
4184,1313,34817
4185,1392,34822
4186,1515,34826
4187,1596,34831
4188,1654,34836
4189,1635,34841
4190,1579,34845
4191,1480,34850
4192,1460,34855
4193,1489,34861
4194,1457,34866
4195,1452,34870
4196,1493,34875
4197,1476,34880
4198,1363,34885
4199,1342,34889
4200,1400,34894
4201,1487,34899
4202,1477,34905
4203,1514,34909
4204,1607,34914
4205,1661,34919
4206,1635,34924
4207,1528,34929
4208,1461,34933
4209,1431,34938
4210,1322,34944
4211,1251,34949
4212,1305,34953
4213,1348,34958
4214,1438,34963
4215,1530,34968
4216,1576,34972
4217,1507,34977
4218,1473,34982
4219,1525,34988
4220,1576,34992
4221,1472,34997
4222,1397,35002
4223,1370,35007
4224,1343,35012
4225,1362,35016
4226,1452,35021
4227,1547,35026
4228,1470,35032
4229,1393,35036
4230,1461,35041
4231,1546,35046
4232,1599,35051
4233,1625,35055
4234,1605,35060
4235,1517,35065
4236,1491,35070
4237,1526,35076
4238,1502,35080
4239,1466,35085
4240,1513,35090
4241,1506,35095
4242,1375,35099
4243,1307,35104
4244,1321,35109
4245,1385,35115
4246,1512,35119
4247,1495,35124
4248,1442,35129
4249,1497,35134
4250,1578,35139
4251,1628,35143
4252,1620,35148
4253,1563,35153
4254,1431,35159
4255,1315,35163
4256,1319,35168
4257,1263,35173
4258,1227,35178
4259,1329,35182
4260,1466,35187
4261,1491,35192
4262,1448,35197
4263,1427,35203
4264,1508,35207
4265,1467,35212
4266,1413,35217
4267,1509,35222
4268,1592,35226
4269,1577,35231
4270,1586,35236
4271,1648,35241
4272,1545,35246
4273,1377,35251
4274,1395,35256
4275,1508,35261
4276,1591,35265
4277,1489,35270
4278,1431,35275
4279,1475,35280
4280,1552,35286
4281,1603,35290
4282,1616,35295
4283,1563,35300
4284,1373,35305
4285,1297,35309
4286,1299,35314
4287,1245,35319
4288,1289,35324
4289,1393,35329
4290,1460,35334
4291,1553,35339
4292,1659,35344
4293,1710,35349
4294,1676,35353
4295,1584,35358
4296,1547,35363
4297,1519,35368
4298,1449,35373
4299,1350,35378
4300,1328,35383
4301,1321,35388
4302,1361,35392
4303,1448,35397
4304,1561,35402
4305,1568,35407
4306,1459,35411
4307,1428,35417
4308,1463,35422
4309,1553,35427
4310,1623,35432
4311,1425,35436
4312,1322,35441
4313,1436,35446
4314,1551,35451
4315,1507,35456
4316,1479,35461
4317,1483,35466
4318,1435,35471
4319,1505,35475
4320,1626,35480
4321,1680,35485
4322,1699,35490
4323,1665,35495
4324,1476,35500
4325,1392,35505
4326,1431,35510
4327,1413,35515
4328,1330,35519
4329,1329,35524
4330,1405,35529
4331,1490,35534
4332,1598,35538
4333,1659,35544
4334,1671,35549
4335,1679,35554
4336,1674,35558
4337,1505,35563
4338,1415,35568
4339,1395,35573
4340,1291,35578
4341,1152,35582
4342,1216,35588
4343,1390,35593
4344,1499,35598
4345,1552,35602
4346,1573,35607
4347,1536,35612
4348,1560,35617
4349,1630,35621
4350,1554,35627
4351,1449,35632
4352,1442,35637
4353,1434,35642
4354,1373,35646
4355,1407,35651
4356,1502,35656
4357,1626,35661
4358,1695,35665
4359,1634,35671
4360,1579,35676
4361,1581,35681
4362,1567,35685
4363,1527,35690
4364,1512,35695
4365,1534,35700
4366,1425,35704
4367,1372,35709
4368,1437,35715
4369,1465,35720
4370,1429,35725
4371,1370,35729
4372,1460,35734
4373,1548,35739
4374,1606,35744
4375,1643,35748
4376,1686,35753
4377,1665,35759
4378,1546,35764
4379,1438,35768
4380,1362,35773
4381,1335,35778
4382,1391,35783
4383,1363,35788
4384,1344,35792
4385,1413,35798
4386,1523,35803
4387,1656,35808
4388,1733,35812
4389,1766,35817
4390,1770,35822
4391,1745,35827
4392,1657,35831
4393,1524,35836
4394,1406,35842
4395,1381,35847
4396,1429,35851
4397,1478,35856
4398,1433,35861
4399,1424,35866
4400,1470,35871
4401,1531,35875
4402,1576,35880
4403,1610,35886
4404,1628,35891
4405,1626,35895
4406,1626,35900
4407,1635,35905
4408,1611,35910
4409,1564,35914
4410,1498,35919
4411,1413,35924
4412,1396,35930
4413,1398,35935
4414,1419,35939
4415,1447,35944
4416,1452,35949
4417,1440,35954
4418,1436,35958
4419,1448,35963
4420,1462,35969
4421,1431,35974
4422,1379,35978
4423,1376,35983
4424,1396,35988
4425,1424,35993
4426,1465,35997
4427,1421,36002
4428,1300,36007
4429,1269,36013
4430,1317,36018
4431,1420,36022
4432,1509,36027
4433,1556,36032
4434,1585,36037
4435,1587,36041
4436,1583,36046
4437,1581,36051
4438,1585,36057
4439,1594,36061
4440,1570,36066
4441,1526,36071
4442,1511,36076
4443,1516,36081
4444,1535,36085
4445,1563,36090
4446,1577,36096
4447,1582,36101
4448,1570,36105
4449,1560,36110
4450,1542,36115
4451,1510,36120
4452,1493,36124
4453,1485,36129
4454,1475,36134
4455,1482,36140
4456,1493,36144
4457,1498,36149
4458,1506,36154
4459,1526,36159
4460,1542,36164
4461,1548,36168
4462,1546,36173
4463,1542,36178
4464,1546,36184
4465,1539,36188
4466,1515,36193
4467,1505,36198
4468,1503,36203
4469,1501,36207
4470,1495,36212
4471,1495,36217
4472,1500,36222
4473,1503,36228
4474,1511,36232
4475,1527,36237
4476,1536,36242
4477,1531,36247
4478,1509,36251
4479,1502,36256
4480,1503,36261
4481,1509,36267
4482,1522,36271
4483,1526,36276
4484,1517,36281
4485,1506,36286
4486,1505,36290
4487,1515,36295
4488,1527,36300
4489,1540,36305
4490,1548,36311
4491,1554,36315
4492,1557,36320
4493,1556,36325
4494,1551,36330
4495,1546,36334
4496,1538,36339
4497,1530,36344
4498,1524,36349
4499,1520,36354
4500,1512,36359
4501,1508,36364
4502,1510,36369
4503,1516,36374
4504,1518,36378
4505,1518,36383
4506,1518,36388
4507,1519,36393
4508,1519,36398
4509,1517,36403
4510,1503,36408
4511,1467,36413
4512,1439,36417
4513,1441,36422
4514,1461,36427
4515,1479,36432
4516,1480,36436
4517,1485,36442
4518,1498,36447
4519,1520,36452
4520,1533,36457
4521,1541,36461
4522,1546,36466
4523,1547,36471
4524,1541,36476
4525,1531,36481
4526,1516,36486
4527,1511,36491
4528,1513,36496
4529,1515,36500
4530,1511,36505
4531,1490,36510
4532,1465,36515
4533,1445,36520
4534,1444,36525
4535,1466,36530
4536,1489,36535
4537,1505,36540
4538,1514,36544
4539,1518,36549
4540,1521,36554
4541,1521,36559
4542,1515,36563
4543,1507,36569
4544,1503,36574
4545,1499,36579
4546,1494,36583
4547,1490,36588
4548,1488,36593
4549,1483,36598
4550,1478,36603
4551,1475,36608
4552,1465,36613
4553,1441,36618
4554,1408,36623
4555,1395,36627
4556,1420,36632
4557,1454,36637
4558,1484,36642
4559,1506,36646
4560,1520,36652
4561,1530,36657
4562,1530,36662
4563,1525,36667
4564,1524,36671
4565,1521,36676
4566,1515,36681
4567,1511,36686
4568,1506,36690
4569,1503,36696
4570,1497,36701
4571,1489,36706
4572,1483,36710
4573,1487,36715
4574,1488,36720
4575,1484,36725
4576,1473,36729
4577,1469,36734
4578,1470,36740
4579,1474,36745
4580,1482,36750
4581,1489,36754
4582,1494,36759
4583,1495,36764
4584,1498,36769
4585,1501,36773
4586,1489,36779
4587,1458,36784
4588,1441,36789
4589,1451,36793
4590,1465,36798
4591,1480,36803
4592,1491,36808
4593,1500,36813
4594,1505,36817
4595,1507,36823
4596,1508,36828
4597,1509,36833
4598,1508,36837
4599,1504,36842
4600,1503,36847
4601,1508,36852
4602,1511,36856
4603,1500,36861
4604,1476,36867
4605,1459,36872
4606,1458,36876
4607,1466,36881
4608,1479,36886
4609,1499,36891
4610,1511,36896
4611,1513,36900
4612,1512,36905
4613,1513,36911
4614,1513,36916
4615,1511,36920
4616,1508,36925
4617,1503,36930
4618,1497,36935
4619,1490,36939
4620,1486,36944
4621,1487,36950
4622,1488,36955
4623,1480,36960
4624,1463,36964
4625,1454,36969
4626,1456,36974
4627,1465,36979
4628,1475,36983
4629,1482,36988
4630,1491,36994
4631,1495,36999
4632,1495,37003
4633,1494,37008
4634,1494,37013
4635,1492,37018
4636,1487,37023
4637,1481,37027
4638,1476,37032
4639,1470,37038
4640,1456,37043
4641,1444,37047
4642,1447,37052
4643,1451,37057
4644,1443,37062
4645,1440,37066
4646,1450,37071
4647,1467,37076
4648,1482,37082
4649,1496,37086
4650,1506,37091
4651,1513,37096
4652,1515,37101
4653,1514,37106
4654,1514,37110
4655,1514,37115
4656,1511,37121
4657,1510,37126
4658,1509,37130
4659,1502,37135
4660,1488,37140
4661,1480,37145
4662,1471,37149
4663,1471,37154
4664,1478,37159
4665,1478,37165
4666,1482,37170
4667,1494,37174
4668,1505,37179
4669,1514,37184
4670,1519,37189
4671,1524,37193
4672,1525,37198
4673,1523,37203
4674,1520,37209
4675,1514,37213
4676,1507,37218
4677,1496,37223
4678,1486,37228
4679,1472,37233
4680,1465,37237
4681,1471,37242
4682,1484,37248
4683,1505,37253
4684,1521,37257
4685,1533,37262
4686,1539,37267
4687,1539,37272
4688,1537,37276
4689,1530,37281
4690,1525,37286
4691,1523,37292
4692,1522,37296
4693,1518,37301
4694,1517,37306
4695,1518,37311
4696,1517,37316
4697,1512,37320
4698,1510,37325
4699,1509,37330
4700,1509,37336
4701,1508,37340
4702,1505,37345
4703,1503,37350
4704,1502,37355
4705,1492,37359
4706,1471,37364
4707,1458,37369
4708,1460,37374
4709,1459,37380
4710,1461,37384
4711,1471,37389
4712,1484,37394
4713,1499,37399
4714,1508,37403
4715,1516,37408
4716,1523,37413
4717,1522,37419
4718,1516,37423
4719,1515,37428
4720,1513,37433
4721,1508,37438
4722,1500,37443
4723,1494,37447
4724,1485,37452
4725,1467,37457
4726,1457,37463
4727,1460,37467
4728,1463,37472
4729,1473,37477
4730,1486,37482
4731,1496,37486
4732,1505,37491
4733,1510,37496
4734,1511,37501
4735,1504,37506
4736,1500,37511
4737,1504,37516
4738,1503,37521
4739,1495,37526
4740,1488,37530
4741,1484,37535
4742,1480,37540
4743,1477,37545
4744,1477,37550
4745,1467,37555
4746,1446,37560
4747,1447,37565
4748,1465,37569
4749,1489,37574
4750,1512,37579
4751,1527,37584
4752,1536,37590
4753,1540,37594
4754,1539,37599
4755,1532,37604
4756,1524,37609
4757,1523,37613
4758,1519,37618
4759,1512,37623
4760,1511,37628
4761,1513,37633
4762,1511,37638
4763,1511,37643
4764,1513,37648
4765,1515,37653
4766,1518,37657
4767,1519,37662
4768,1518,37667
4769,1515,37672
4770,1514,37677
4771,1512,37682
4772,1507,37687
4773,1502,37692
4774,1498,37696
4775,1496,37701
4776,1492,37706
4777,1485,37711
4778,1481,37716
4779,1482,37721
4780,1494,37726
4781,1508,37731
4782,1521,37736
4783,1526,37740
4784,1528,37745
4785,1530,37750
4786,1531,37755
4787,1529,37760
4788,1528,37765
4789,1529,37770
4790,1525,37775
4791,1496,37779
4792,1463,37784
4793,1456,37789
4794,1467,37794
4795,1487,37799
4796,1515,37804
4797,1537,37809
4798,1553,37814
4799,1564,37819
4800,1565,37823
4801,1564,37828
4802,1562,37833
4803,1558,37838
4804,1551,37842
4805,1543,37848
4806,1540,37853
4807,1538,37858
4808,1524,37863
4809,1508,37867
4810,1499,37872
4811,1499,37877
4812,1506,37882
4813,1511,37886
4814,1516,37892
4815,1521,37897
4816,1523,37902
4817,1524,37906
4818,1521,37911
4819,1514,37916
4820,1504,37921
4821,1495,37926
4822,1493,37931
4823,1488,37936
4824,1473,37941
4825,1463,37946
4826,1456,37950
4827,1462,37955
4828,1477,37960
4829,1494,37965
4830,1507,37969
4831,1516,37975
4832,1514,37980
4833,1514,37985
4834,1517,37990
4835,1519,37994
4836,1520,37999
4837,1517,38004
4838,1513,38009
4839,1512,38013
4840,1512,38019
4841,1508,38024
4842,1504,38029
4843,1494,38033
4844,1486,38038
4845,1480,38043
4846,1480,38048
4847,1467,38052
4848,1445,38057
4849,1428,38063
4850,1435,38068
4851,1460,38073
4852,1491,38077
4853,1511,38082
4854,1526,38087
4855,1533,38092
4856,1536,38096
4857,1535,38102
4858,1532,38107
4859,1529,38112
4860,1526,38116
4861,1520,38121
4862,1515,38126
4863,1515,38131
4864,1513,38136
4865,1506,38140
4866,1504,38146
4867,1504,38151
4868,1503,38156
4869,1502,38160
4870,1500,38165
4871,1497,38170
4872,1495,38175
4873,1498,38179
4874,1501,38184
4875,1498,38190
4876,1495,38195
4877,1484,38200
4878,1471,38204
4879,1466,38209
4880,1465,38214
4881,1457,38219
4882,1446,38223
4883,1445,38228
4884,1455,38234
4885,1468,38239
4886,1483,38243
4887,1494,38248
4888,1506,38253
4889,1512,38258
4890,1515,38263
4891,1514,38267
4892,1511,38273
4893,1507,38278
4894,1505,38283
4895,1503,38287
4896,1500,38292
4897,1500,38297
4898,1499,38302
4899,1497,38306
4900,1497,38311
4901,1493,38317
4902,1472,38322
4903,1451,38327
4904,1446,38331
4905,1450,38336
4906,1457,38341
4907,1467,38346
4908,1480,38350
4909,1493,38355
4910,1502,38361
4911,1512,38366
4912,1516,38370
4913,1517,38375
4914,1515,38380
4915,1513,38385
4916,1508,38390
4917,1498,38394
4918,1486,38400
4919,1485,38405
4920,1481,38410
4921,1464,38414
4922,1449,38419
4923,1447,38424
4924,1457,38429
